w_c_ratio,age,cement,slag,fly_ash,sp,coarse_agg,fine_agg,fc,fc_ext_abrams
0.3,28,540.0,0.0,0.0,2.5,1040.0,676.0,79.99,65.965134884639
0.3,28,540.0,0.0,0.0,2.5,1055.0,676.0,61.89,65.965134884639
0.6857142857142857,270,332.5,142.5,0.0,0.0,932.0,594.0,40.27,45.20019327111337
0.6857142857142857,365,332.5,142.5,0.0,0.0,932.0,594.0,41.05,45.44417599129725
0.9667673716012085,360,198.6,132.4,0.0,0.0,978.4,825.5,44.3,36.2713646678054
0.8571428571428571,90,266.0,114.0,0.0,0.0,932.0,670.0,47.03,37.50038508797201
0.6,365,380.0,95.0,0.0,0.0,932.0,594.0,43.7,49.602732955809756
0.6,28,380.0,95.0,0.0,0.0,932.0,594.0,36.45,41.87149150474178
0.8571428571428571,28,266.0,114.0,0.0,0.0,932.0,670.0,45.85,33.13933070471171
0.48,28,475.0,0.0,0.0,0.0,932.0,594.0,39.29,48.46918944150089
0.9667673716012085,90,198.6,132.4,0.0,0.0,978.4,825.5,38.07,34.654628066534926
0.9667673716012085,28,198.6,132.4,0.0,0.0,978.4,825.5,28.02,30.62451698166791
0.5333333333333333,270,427.5,47.5,0.0,0.0,932.0,594.0,43.01,53.297910569278
1.2,90,190.0,190.0,0.0,0.0,932.0,670.0,42.33,30.07560705493817
0.75,28,304.0,76.0,0.0,0.0,932.0,670.0,47.81,36.171881994182854
0.6,90,380.0,0.0,0.0,0.0,932.0,670.0,52.91,47.38167676429014
1.3753581661891119,90,139.6,209.4,0.0,0.0,1047.0,806.9,39.36,27.502501780020744
0.6666666666666666,365,342.0,38.0,0.0,0.0,932.0,670.0,56.14,46.291451563681186
0.6,90,380.0,95.0,0.0,0.0,932.0,594.0,40.56,47.38167676429014
0.48,180,475.0,0.0,0.0,0.0,932.0,594.0,42.62,56.52735838620727
0.5333333333333333,180,427.5,47.5,0.0,0.0,932.0,594.0,41.84,52.753816510254886
1.3753581661891119,28,139.6,209.4,0.0,0.0,1047.0,806.9,28.24,24.304137132377335
1.3753581661891119,3,139.6,209.4,0.0,0.0,1047.0,806.9,8.06,10.098207769413904
1.3753581661891119,180,139.6,209.4,0.0,0.0,1047.0,806.9,44.21,28.344783269123283
0.6,365,380.0,0.0,0.0,0.0,932.0,670.0,52.52,49.602732955809756
0.6,270,380.0,0.0,0.0,0.0,932.0,670.0,53.3,49.33642358940315
0.6,270,380.0,95.0,0.0,0.0,932.0,594.0,41.15,49.33642358940315
0.6666666666666666,180,342.0,38.0,0.0,0.0,932.0,670.0,52.12,45.57288878366365
0.5333333333333333,28,427.5,47.5,0.0,0.0,932.0,594.0,37.43,45.23357891108558
0.48,7,475.0,0.0,0.0,0.0,932.0,594.0,38.6,32.17466018403849
0.75,365,304.0,76.0,0.0,0.0,932.0,670.0,55.26,42.8507353950677
0.8571428571428571,365,266.0,114.0,0.0,0.0,932.0,670.0,52.91,39.258247370861575
0.9667673716012085,180,198.6,132.4,0.0,0.0,978.4,825.5,41.72,35.71594794083742
0.48,270,475.0,0.0,0.0,0.0,932.0,594.0,42.13,57.11037212634542
1.2,365,190.0,190.0,0.0,0.0,932.0,670.0,53.69,31.485426584867216
0.96,270,237.5,237.5,0.0,0.0,932.0,594.0,38.41,36.25091444901699
0.96,28,237.5,237.5,0.0,0.0,932.0,594.0,30.08,30.76590774036483
0.6857142857142857,90,332.5,142.5,0.0,0.0,932.0,594.0,37.72,43.40932705376193
0.48,90,475.0,0.0,0.0,0.0,932.0,594.0,42.23,54.84761551625798
0.96,180,237.5,237.5,0.0,0.0,932.0,594.0,36.25,35.88084539799429
0.6666666666666666,90,342.0,38.0,0.0,0.0,932.0,670.0,50.46,44.21866425977312
0.5333333333333333,365,427.5,47.5,0.0,0.0,932.0,594.0,43.7,53.58560334799716
0.96,365,237.5,237.5,0.0,0.0,932.0,594.0,39.0,36.44659053082872
0.6,180,380.0,0.0,0.0,0.0,932.0,670.0,53.1,48.83277054406378
0.5333333333333333,90,427.5,47.5,0.0,0.0,932.0,594.0,41.54,51.18620660107974
0.5333333333333333,7,427.5,47.5,0.0,0.0,932.0,594.0,35.08,30.026807692515877
0.5501432664756447,3,349.0,0.0,0.0,0.0,1047.0,806.9,15.05,18.415675405267113
0.6,180,380.0,95.0,0.0,0.0,932.0,594.0,40.76,48.83277054406378
0.96,7,237.5,237.5,0.0,0.0,932.0,594.0,26.26,20.422925124308932
0.6,7,380.0,95.0,0.0,0.0,932.0,594.0,32.82,27.79499773128874
0.6857142857142857,180,332.5,142.5,0.0,0.0,932.0,594.0,39.78,44.738765114496566
1.2,180,190.0,190.0,0.0,0.0,932.0,670.0,46.93,30.996691518399555
0.96,90,237.5,237.5,0.0,0.0,932.0,594.0,33.12,34.81462550119226
0.75,90,304.0,76.0,0.0,0.0,932.0,670.0,49.19,40.932012665713806
1.3753581661891119,7,139.6,209.4,0.0,0.0,1047.0,806.9,14.59,16.133493510228956
0.9667673716012085,7,198.6,132.4,0.0,0.0,978.4,825.5,14.64,20.32906756930015
0.48,365,475.0,0.0,0.0,0.0,932.0,594.0,41.93,57.41864390426731
0.9667673716012085,3,198.6,132.4,0.0,0.0,978.4,825.5,9.13,12.724283673780318
0.75,180,304.0,76.0,0.0,0.0,932.0,670.0,50.95,42.18558140850675
0.6857142857142857,28,332.5,142.5,0.0,0.0,932.0,594.0,33.02,38.361100600137895
0.75,270,304.0,76.0,0.0,0.0,932.0,670.0,54.38,42.62067645449916
0.8571428571428571,270,266.0,114.0,0.0,0.0,932.0,670.0,51.73,39.04747594032604
0.6193548387096774,3,310.0,0.0,0.0,0.0,971.0,850.6,9.87,17.038880616102606
1.2,270,190.0,190.0,0.0,0.0,932.0,670.0,50.66,31.31638622145966
0.8571428571428571,180,266.0,114.0,0.0,0.0,932.0,670.0,48.7,38.648858068592325
0.6666666666666666,270,342.0,38.0,0.0,0.0,932.0,670.0,55.06,46.04291995259135
1.3753581661891119,360,139.6,209.4,0.0,0.0,1047.0,806.9,44.7,28.785571422808342
0.6857142857142857,7,332.5,142.5,0.0,0.0,932.0,594.0,30.28,25.464741422689077
1.2,28,190.0,190.0,0.0,0.0,932.0,670.0,40.86,26.578006759142227
0.30103092783505153,28,485.0,0.0,0.0,0.0,1120.0,800.0,71.99,65.81691155562675
0.4548128342245989,3,374.0,189.2,0.0,10.1,926.1,756.7,34.4,20.86313897907441
0.5601659751037344,3,313.3,262.2,0.0,8.6,1046.9,611.8,28.8,18.198939445946156
0.3611764705882353,3,425.0,106.3,0.0,16.5,852.1,887.1,33.4,24.26763534561736
0.3562352941176471,3,425.0,106.3,0.0,18.6,936.0,803.7,36.3,24.4878355755198
0.3376,3,375.0,93.8,0.0,23.4,852.1,992.6,29.0,25.365981000461105
0.3812631578947368,3,475.0,118.8,0.0,8.9,852.1,781.5,37.8,23.421469699273196
0.293816631130064,3,469.0,117.2,0.0,32.2,852.1,840.5,40.2,27.784948602023043
0.3611764705882353,3,425.0,106.3,0.0,16.5,852.1,887.1,33.4,24.26763534561736
0.40633041688111166,3,388.6,97.1,0.0,12.1,852.1,925.7,28.1,22.463639125138172
0.26689252776209305,3,531.3,0.0,0.0,28.2,852.1,893.7,41.3,29.59238488826943
0.3611764705882353,3,425.0,106.3,0.0,16.5,852.1,887.1,33.4,24.26763534561736
0.4883939774153073,3,318.8,212.5,0.0,14.3,852.1,880.4,25.2,19.910986563178913
0.3668491786958686,3,401.8,94.7,0.0,11.4,946.8,852.1,41.1,24.020905618720484
0.4547710976282405,3,362.6,189.0,0.0,11.6,944.7,755.8,35.3,20.864394504729944
0.5678097003398209,3,323.7,282.8,0.0,10.3,942.7,659.9,28.3,18.037916318504976
0.40553359683794465,3,379.5,151.2,0.0,15.9,1134.3,605.0,28.6,22.49257225190855
0.4547710976282405,3,362.6,189.0,0.0,11.6,944.7,755.8,35.3,20.864394504729944
0.505413901501921,3,286.3,200.9,0.0,11.2,1004.6,803.7,24.4,19.468723640828642
0.4547710976282405,3,362.6,189.0,0.0,11.6,944.7,755.8,35.3,20.864394504729944
0.42369020501138954,3,439.0,177.0,0.0,11.1,884.9,707.9,39.3,21.855764279567232
0.37419851243908697,3,389.9,189.0,0.0,22.0,944.7,755.8,40.6,23.71049062259628
0.4547710976282405,3,362.6,189.0,0.0,11.6,944.7,755.8,35.3,20.864394504729944
0.5176087599881622,3,337.9,189.0,0.0,9.5,944.7,755.8,24.1,19.166716143365168
0.4548128342245989,7,374.0,189.2,0.0,10.1,926.1,756.7,46.2,33.33218379021702
0.5601659751037344,7,313.3,262.2,0.0,8.6,1046.9,611.8,42.8,29.075701168828612
0.3611764705882353,7,425.0,106.3,0.0,16.5,852.1,887.1,49.2,38.77140838228607
0.3562352941176471,7,425.0,106.3,0.0,18.6,936.0,803.7,46.8,39.12321328283904
0.3376,7,375.0,93.8,0.0,23.4,852.1,992.6,45.7,40.52619030983578
0.3812631578947368,7,475.0,118.8,0.0,8.9,852.1,781.5,55.6,37.419524139497845
0.293816631130064,7,469.0,117.2,0.0,32.2,852.1,840.5,54.9,44.39087590478456
0.3611764705882353,7,425.0,106.3,0.0,16.5,852.1,887.1,49.2,38.77140838228607
0.40633041688111166,7,388.6,97.1,0.0,12.1,852.1,925.7,34.9,35.889237408964156
0.26689252776209305,7,531.3,0.0,0.0,28.2,852.1,893.7,46.9,47.278542930475076
0.3611764705882353,7,425.0,106.3,0.0,16.5,852.1,887.1,49.2,38.77140838228607
0.4883939774153073,7,318.8,212.5,0.0,14.3,852.1,880.4,33.4,31.81096882085119
0.3668491786958686,7,401.8,94.7,0.0,11.4,946.8,852.1,54.1,38.37721838951051
0.4547710976282405,7,362.6,189.0,0.0,11.6,944.7,755.8,55.9,33.33418969220261
0.5678097003398209,7,323.7,282.8,0.0,10.3,942.7,659.9,49.8,28.818441104380582
0.40553359683794465,7,379.5,151.2,0.0,15.9,1134.3,605.0,47.1,35.935462682165046
0.4547710976282405,7,362.6,189.0,0.0,11.6,944.7,755.8,55.9,33.33418969220261
0.505413901501921,7,286.3,200.9,0.0,11.2,1004.6,803.7,38.0,31.104383439516027
0.4547710976282405,7,362.6,189.0,0.0,11.6,944.7,755.8,55.9,33.33418969220261
0.42369020501138954,7,439.0,177.0,0.0,11.1,884.9,707.9,56.1,34.918060631857756
0.37419851243908697,7,389.9,189.0,0.0,22.0,944.7,755.8,59.09,37.88128104698361
0.4547710976282405,7,362.6,189.0,0.0,11.6,944.7,755.8,22.9,33.33418969220261
0.5176087599881622,7,337.9,189.0,0.0,9.5,944.7,755.8,35.1,30.621878413710814
0.4548128342245989,28,374.0,189.2,0.0,10.1,926.1,756.7,61.09,50.21292909966547
0.5601659751037344,28,313.3,262.2,0.0,8.6,1046.9,611.8,59.8,43.80079416644623
0.3611764705882353,28,425.0,106.3,0.0,16.5,852.1,887.1,60.29,58.40679363964439
0.3562352941176471,28,425.0,106.3,0.0,18.6,936.0,803.7,61.8,58.93676655229724
0.3376,28,375.0,93.8,0.0,23.4,852.1,992.6,56.7,61.050267018646025
0.3812631578947368,28,475.0,118.8,0.0,8.9,852.1,781.5,68.3,56.37026137817272
0.293816631130064,28,469.0,117.2,0.0,32.2,852.1,840.5,66.9,66.87218330810968
0.3611764705882353,28,425.0,106.3,0.0,16.5,852.1,887.1,60.29,58.40679363964439
0.40633041688111166,28,388.6,97.1,0.0,12.1,852.1,925.7,50.7,54.06497650436858
0.26689252776209305,28,531.3,0.0,0.0,28.2,852.1,893.7,56.4,71.2222799155512
0.3611764705882353,28,425.0,106.3,0.0,16.5,852.1,887.1,60.29,58.40679363964439
0.4883939774153073,28,318.8,212.5,0.0,14.3,852.1,880.4,55.5,47.92131028816308
0.3668491786958686,28,401.8,94.7,0.0,11.4,946.8,852.1,68.5,57.81297013610167
0.4547710976282405,28,362.6,189.0,0.0,11.6,944.7,755.8,71.3,50.215950870300624
0.5678097003398209,28,323.7,282.8,0.0,10.3,942.7,659.9,74.7,43.4132473601042
0.40553359683794465,28,379.5,151.2,0.0,15.9,1134.3,605.0,52.2,54.13461209681753
0.4547710976282405,28,362.6,189.0,0.0,11.6,944.7,755.8,71.3,50.215950870300624
0.505413901501921,28,286.3,200.9,0.0,11.2,1004.6,803.7,67.7,46.85688193029905
0.4547710976282405,28,362.6,189.0,0.0,11.6,944.7,755.8,71.3,50.215950870300624
0.42369020501138954,28,439.0,177.0,0.0,11.1,884.9,707.9,66.0,52.60195713069052
0.37419851243908697,28,389.9,189.0,0.0,22.0,944.7,755.8,74.5,57.065870372854576
0.4547710976282405,28,362.6,189.0,0.0,11.6,944.7,755.8,71.3,50.215950870300624
0.5176087599881622,28,337.9,189.0,0.0,9.5,944.7,755.8,49.9,46.13001714389702
0.4548128342245989,56,374.0,189.2,0.0,10.1,926.1,756.7,63.4,54.841954028735564
0.5601659751037344,56,313.3,262.2,0.0,8.6,1046.9,611.8,64.9,47.838697784996505
0.3611764705882353,56,425.0,106.3,0.0,16.5,852.1,887.1,64.3,63.79119380575157
0.3562352941176471,56,425.0,106.3,0.0,18.6,936.0,803.7,64.9,64.37002381294938
0.3376,56,375.0,93.8,0.0,23.4,852.1,992.6,60.2,66.67836346756602
0.3812631578947368,56,475.0,118.8,0.0,8.9,852.1,781.5,72.3,61.566917893864755
0.293816631130064,56,469.0,117.2,0.0,32.2,852.1,840.5,69.3,73.03699004503926
0.3611764705882353,56,425.0,106.3,0.0,16.5,852.1,887.1,64.3,63.79119380575157
0.40633041688111166,56,388.6,97.1,0.0,12.1,852.1,925.7,55.2,59.04911362832653
0.26689252776209305,56,531.3,0.0,0.0,28.2,852.1,893.7,58.8,77.78811296185503
0.3611764705882353,56,425.0,106.3,0.0,16.5,852.1,887.1,64.3,63.79119380575157
0.4883939774153073,56,318.8,212.5,0.0,14.3,852.1,880.4,66.1,52.33907567120439
0.3668491786958686,56,401.8,94.7,0.0,11.4,946.8,852.1,73.7,63.142626955213274
0.4547710976282405,56,362.6,189.0,0.0,11.6,944.7,755.8,77.3,54.84525437008649
0.5678097003398209,56,323.7,282.8,0.0,10.3,942.7,659.9,80.2,47.41542384901067
0.40553359683794465,56,379.5,151.2,0.0,15.9,1134.3,605.0,54.9,59.12516878042229
0.4547710976282405,56,362.6,189.0,0.0,11.6,944.7,755.8,77.3,54.84525437008649
0.505413901501921,56,286.3,200.9,0.0,11.2,1004.6,803.7,72.99,51.1765198889477
0.4547710976282405,56,362.6,189.0,0.0,11.6,944.7,755.8,77.3,54.84525437008649
0.42369020501138954,56,439.0,177.0,0.0,11.1,884.9,707.9,71.7,57.45122155803629
0.37419851243908697,56,389.9,189.0,0.0,22.0,944.7,755.8,79.4,62.3266536271178
0.4547710976282405,56,362.6,189.0,0.0,11.6,944.7,755.8,77.3,54.84525437008649
0.5176087599881622,56,337.9,189.0,0.0,9.5,944.7,755.8,59.89,50.38264695789751
0.4548128342245989,91,374.0,189.2,0.0,10.1,926.1,756.7,64.9,56.857960361463185
0.5601659751037344,91,313.3,262.2,0.0,8.6,1046.9,611.8,66.6,49.59726236191626
0.3611764705882353,91,425.0,106.3,0.0,16.5,852.1,887.1,65.2,66.13617682034776
0.3562352941176471,91,425.0,106.3,0.0,18.6,936.0,803.7,66.7,66.73628478856556
0.3376,91,375.0,93.8,0.0,23.4,852.1,992.6,62.5,69.12947968665793
0.3812631578947368,91,475.0,118.8,0.0,8.9,852.1,781.5,74.19,63.83013587285066
0.293816631130064,91,469.0,117.2,0.0,32.2,852.1,840.5,70.7,75.72185124413168
0.3611764705882353,91,425.0,106.3,0.0,16.5,852.1,887.1,65.2,66.13617682034776
0.40633041688111166,91,388.6,97.1,0.0,12.1,852.1,925.7,57.6,61.219776383236464
0.26689252776209305,91,531.3,0.0,0.0,28.2,852.1,893.7,59.2,80.64762683438884
0.3611764705882353,91,425.0,106.3,0.0,16.5,852.1,887.1,65.2,66.13617682034776
0.4883939774153073,91,318.8,212.5,0.0,14.3,852.1,880.4,68.1,54.2630754606169
0.3668491786958686,91,401.8,94.7,0.0,11.4,946.8,852.1,75.5,65.46376846195223
0.4547710976282405,91,362.6,189.0,0.0,11.6,944.7,755.8,79.3,56.861382024331206
0.40553359683794465,91,379.5,151.2,0.0,15.9,1134.3,605.0,56.5,61.29862734505449
0.4547710976282405,91,362.6,189.0,0.0,11.6,944.7,755.8,79.3,56.861382024331206
0.505413901501921,91,286.3,200.9,0.0,11.2,1004.6,803.7,76.8,53.05778378645617
0.4547710976282405,91,362.6,189.0,0.0,11.6,944.7,755.8,79.3,56.861382024331206
0.42369020501138954,91,439.0,177.0,0.0,11.1,884.9,707.9,73.3,59.56314533127112
0.37419851243908697,91,389.9,189.0,0.0,22.0,944.7,755.8,82.6,64.61779971473081
0.4547710976282405,91,362.6,189.0,0.0,11.6,944.7,755.8,79.3,56.861382024331206
0.5176087599881622,91,337.9,189.0,0.0,9.5,944.7,755.8,67.8,52.23472785336452
0.8511690647482014,3,222.4,0.0,96.7,4.5,967.1,870.3,11.58,13.83246389024175
0.8511690647482014,14,222.4,0.0,96.7,4.5,967.1,870.3,24.45,28.483300692172367
0.8511690647482014,28,222.4,0.0,96.7,4.5,967.1,870.3,24.89,33.291659960231264
0.8511690647482014,56,222.4,0.0,96.7,4.5,967.1,870.3,29.45,36.360748472876146
0.8511690647482014,100,222.4,0.0,96.7,4.5,967.1,870.3,40.71,37.897992615339184
0.8464499572284003,3,233.8,0.0,94.6,4.6,947.0,852.2,10.38,13.882984759919978
0.8464499572284003,14,233.8,0.0,94.6,4.6,947.0,852.2,22.14,28.587331408152775
0.8464499572284003,28,233.8,0.0,94.6,4.6,947.0,852.2,22.84,33.413252442060134
0.8464499572284003,56,233.8,0.0,94.6,4.6,947.0,852.2,27.66,36.4935503113322
0.8464499572284003,100,233.8,0.0,94.6,4.6,947.0,852.2,34.56,38.03640899301263
0.8505392912172574,3,194.7,0.0,100.5,7.5,1006.4,905.9,12.45,13.839179150636145
0.8505392912172574,14,194.7,0.0,100.5,7.5,1006.4,905.9,24.99,28.49712850929573
0.8505392912172574,28,194.7,0.0,100.5,7.5,1006.4,905.9,25.72,33.3078220964471
0.8505392912172574,56,194.7,0.0,100.5,7.5,1006.4,905.9,33.96,36.37840056263167
0.8505392912172574,100,194.7,0.0,100.5,7.5,1006.4,905.9,37.34,37.916390992581036
0.8500262191924489,3,190.7,0.0,125.4,7.8,1090.0,804.0,15.04,13.844656114304732
0.8500262191924489,14,190.7,0.0,125.4,7.8,1090.0,804.0,21.06,28.508406471363106
0.8500262191924489,28,190.7,0.0,125.4,7.8,1090.0,804.0,26.4,33.32100392822457
0.8500262191924489,56,190.7,0.0,125.4,7.8,1090.0,804.0,35.34,36.39279759991503
0.8500262191924489,100,190.7,0.0,125.4,7.8,1090.0,804.0,40.57,37.931396701637176
0.8500707213578501,3,212.1,0.0,121.6,5.7,1057.6,779.3,12.47,13.844180843869392
0.8500707213578501,14,212.1,0.0,121.6,5.7,1057.6,779.3,20.92,28.507427811969716
0.8500707213578501,28,212.1,0.0,121.6,5.7,1057.6,779.3,24.9,33.31986005813403
0.8500707213578501,56,212.1,0.0,121.6,5.7,1057.6,779.3,34.2,36.391548278832886
0.8500707213578501,100,212.1,0.0,121.6,5.7,1057.6,779.3,39.61,37.93009456229369
0.85,3,230.0,0.0,118.3,4.6,1029.4,758.6,10.03,13.844936147090065
0.85,14,230.0,0.0,118.3,4.6,1029.4,758.6,20.08,28.508983104571158
0.85,28,230.0,0.0,118.3,4.6,1029.4,758.6,24.48,33.321677904772855
0.85,56,230.0,0.0,118.3,4.6,1029.4,758.6,31.54,36.39353370895189
0.85,100,230.0,0.0,118.3,4.6,1029.4,758.6,35.34,37.93216393157646
0.8507619548081976,3,190.3,0.0,125.2,9.9,1088.1,802.6,9.45,13.836803953425912
0.8507619548081976,14,190.3,0.0,125.2,9.9,1088.1,802.6,22.72,28.492237590593245
0.8507619548081976,28,190.3,0.0,125.2,9.9,1088.1,802.6,28.47,33.302105525741474
0.8507619548081976,56,190.3,0.0,125.2,9.9,1088.1,802.6,38.56,36.37215699322711
0.8507619548081976,100,190.3,0.0,125.2,9.9,1088.1,802.6,40.39,37.90988346022471
1.062612883804937,3,166.1,0.0,163.3,4.5,1058.6,780.1,10.76,11.959509733492226
1.062612883804937,14,166.1,0.0,163.3,4.5,1058.6,780.1,25.48,24.626582405925067
1.062612883804937,28,166.1,0.0,163.3,4.5,1058.6,780.1,21.54,28.78387642995255
1.062612883804937,56,166.1,0.0,163.3,4.5,1058.6,780.1,28.63,31.43740180555967
1.062612883804937,100,166.1,0.0,163.3,4.5,1058.6,780.1,33.54,32.76649880739679
0.725,3,168.0,42.1,163.8,5.7,1058.7,780.1,7.75,15.367023698970469
0.725,14,168.0,42.1,163.8,5.7,1058.7,780.1,17.82,31.643209787830862
0.725,28,168.0,42.1,163.8,5.7,1058.7,780.1,24.24,36.985003658520235
0.725,56,168.0,42.1,163.8,5.7,1058.7,780.1,32.85,40.39457380323779
0.725,100,168.0,42.1,163.8,5.7,1058.7,780.1,39.23,42.10235828442469
0.8502573701450632,3,213.7,98.1,24.5,6.9,1065.8,785.4,18.0,13.842187936696014
0.8502573701450632,14,213.7,98.1,24.5,6.9,1065.8,785.4,30.39,28.50332409084517
0.8502573701450632,28,213.7,98.1,24.5,6.9,1065.8,785.4,45.71,33.315063574407425
0.8502573701450632,56,213.7,98.1,24.5,6.9,1065.8,785.4,50.77,36.386309617301876
0.8502573701450632,100,213.7,98.1,24.5,6.9,1065.8,785.4,53.9,37.924634422875364
0.8498596819457436,3,213.8,98.1,24.5,6.7,1066.0,785.5,13.18,13.846435050232525
0.8498596819457436,14,213.8,98.1,24.5,6.7,1066.0,785.5,17.84,28.512069590771585
0.8498596819457436,28,213.8,98.1,24.5,6.7,1066.0,785.5,40.23,33.32528543081652
0.8498596819457436,56,213.8,98.1,24.5,6.7,1066.0,785.5,47.13,36.39747380527751
0.8498596819457436,100,213.8,98.1,24.5,6.7,1066.0,785.5,49.97,37.936270605606104
0.8498040922942969,3,229.7,0.0,118.2,6.1,1028.1,757.6,13.36,13.847028982394411
0.8498040922942969,14,229.7,0.0,118.2,6.1,1028.1,757.6,22.32,28.513292594026243
0.8498040922942969,28,229.7,0.0,118.2,6.1,1028.1,757.6,24.54,33.32671489325573
0.8498040922942969,56,229.7,0.0,118.2,6.1,1028.1,757.6,31.35,36.39903504686972
0.8498040922942969,100,229.7,0.0,118.2,6.1,1028.1,757.6,40.86,37.937897852701326
0.7841243175136497,3,238.1,0.0,94.1,7.0,949.9,847.0,19.93,14.59701294232414
0.7841243175136497,14,238.1,0.0,94.1,7.0,949.9,847.0,25.69,30.05763196946135
0.7841243175136497,28,238.1,0.0,94.1,7.0,949.9,847.0,30.23,35.13175925612028
0.7841243175136497,56,238.1,0.0,94.1,7.0,949.9,847.0,39.59,38.370482674861314
0.7841243175136497,100,238.1,0.0,94.1,7.0,949.9,847.0,44.3,39.992693498695445
0.7496,3,250.0,0.0,95.7,5.5,956.9,861.2,13.82,15.03443544980977
0.7496,14,250.0,0.0,95.7,5.5,956.9,861.2,24.92,30.958356302385635
0.7496,28,250.0,0.0,95.7,5.5,956.9,861.2,29.22,36.18453781341235
0.7496,56,250.0,0.0,95.7,5.5,956.9,861.2,38.33,39.52031468579323
0.7496,100,250.0,0.0,95.7,5.5,956.9,861.2,42.35,41.1911376146543
0.7496470588235294,3,212.5,0.0,100.4,8.7,1007.8,903.6,13.54,15.033816572344282
0.7496470588235294,14,212.5,0.0,100.4,8.7,1007.8,903.6,26.31,30.957081932679632
0.7496470588235294,28,212.5,0.0,100.4,8.7,1007.8,903.6,31.64,36.18304831318292
0.7496470588235294,56,212.5,0.0,100.4,8.7,1007.8,903.6,42.55,39.518687871652475
0.7496470588235294,100,212.5,0.0,100.4,8.7,1007.8,903.6,42.92,41.189442022762435
0.7497648165569144,3,212.6,0.0,100.4,10.4,1003.8,903.8,13.33,15.032268205020966
0.7497648165569144,14,212.6,0.0,100.4,10.4,1003.8,903.8,25.37,30.95389359165797
0.7497648165569144,28,212.6,0.0,100.4,10.4,1003.8,903.8,37.4,36.17932173787209
0.7497648165569144,56,212.6,0.0,100.4,10.4,1003.8,903.8,44.4,39.514617751156706
0.7497648165569144,100,212.6,0.0,100.4,10.4,1003.8,903.8,47.74,41.18519982745649
0.75,3,212.0,0.0,124.8,7.8,1085.4,799.5,19.52,15.029177040865832
0.75,14,212.0,0.0,124.8,7.8,1085.4,799.5,31.35,30.94752838016577
0.75,28,212.0,0.0,124.8,7.8,1085.4,799.5,38.5,36.171881994182854
0.75,56,212.0,0.0,124.8,7.8,1085.4,799.5,45.08,39.50649215305466
0.75,100,212.0,0.0,124.8,7.8,1085.4,799.5,47.82,41.1767306987999
0.7506471095772217,3,231.8,0.0,121.6,6.7,1056.4,778.5,15.44,15.020679949191893
0.7506471095772217,14,231.8,0.0,121.6,6.7,1056.4,778.5,26.77,30.93003148163213
0.7506471095772217,28,231.8,0.0,121.6,6.7,1056.4,778.5,33.73,36.15143138690823
0.7506471095772217,56,231.8,0.0,121.6,6.7,1056.4,778.5,42.7,39.484156247061435
0.7506471095772217,100,231.8,0.0,121.6,6.7,1056.4,778.5,45.84,41.15345048494458
0.7498011137629276,3,251.4,0.0,118.3,5.8,1028.4,757.7,17.22,15.031791023213808
0.7498011137629276,14,251.4,0.0,118.3,5.8,1028.4,757.7,29.93,30.952910996438057
0.7498011137629276,28,251.4,0.0,118.3,5.8,1028.4,757.7,29.65,36.178173267535264
0.7498011137629276,56,251.4,0.0,118.3,5.8,1028.4,757.7,36.97,39.513363405741195
0.7498011137629276,100,251.4,0.0,118.3,5.8,1028.4,757.7,43.58,41.18389245136302
0.7498011137629276,3,251.4,0.0,118.3,6.4,1028.4,757.7,13.12,15.031791023213808
0.7498011137629276,14,251.4,0.0,118.3,6.4,1028.4,757.7,24.43,30.952910996438057
0.7498011137629276,28,251.4,0.0,118.3,6.4,1028.4,757.7,32.66,36.178173267535264
0.7498011137629276,56,251.4,0.0,118.3,6.4,1028.4,757.7,36.64,39.513363405741195
0.7498011137629276,100,251.4,0.0,118.3,6.4,1028.4,757.7,44.21,41.18389245136302
0.9349503858875413,3,181.4,0.0,167.0,7.6,1055.6,777.8,13.62,13.006589093704195
0.9349503858875413,14,181.4,0.0,167.0,7.6,1055.6,777.8,21.6,26.782689698316034
0.9349503858875413,28,181.4,0.0,167.0,7.6,1055.6,777.8,27.77,31.303963255275477
0.9349503858875413,56,181.4,0.0,167.0,7.6,1055.6,777.8,35.57,34.189810165336134
0.9349503858875413,100,181.4,0.0,167.0,7.6,1055.6,777.8,45.37,35.63527230833335
0.9351648351648351,3,182.0,45.2,122.0,8.2,1059.4,780.7,7.32,13.004633198367337
0.9351648351648351,14,182.0,45.2,122.0,8.2,1059.4,780.7,21.5,26.778662190603438
0.9351648351648351,28,182.0,45.2,122.0,8.2,1059.4,780.7,31.27,31.29925585079648
0.9351648351648351,56,182.0,45.2,122.0,8.2,1059.4,780.7,43.5,34.18466879508228
0.9351648351648351,100,182.0,45.2,122.0,8.2,1059.4,780.7,48.67,35.629913573431104
0.9372409709887508,3,168.9,42.2,124.3,10.8,1080.8,796.2,7.4,12.985736020043372
0.9372409709887508,14,168.9,42.2,124.3,10.8,1080.8,796.2,23.51,26.73974981630006
0.9372409709887508,28,168.9,42.2,124.3,10.8,1080.8,796.2,31.12,31.253774551155203
0.9372409709887508,56,168.9,42.2,124.3,10.8,1080.8,796.2,39.15,34.13499466953698
0.9372409709887508,100,168.9,42.2,124.3,10.8,1080.8,796.2,48.15,35.578139346492584
0.5788567493112948,3,290.4,0.0,96.2,9.4,961.2,865.0,22.5,17.811437913781507
0.5788567493112948,14,290.4,0.0,96.2,9.4,961.2,865.0,34.67,36.67665759938097
0.5788567493112948,28,290.4,0.0,96.2,9.4,961.2,865.0,34.74,42.868164278867425
0.5788567493112948,56,290.4,0.0,96.2,9.4,961.2,865.0,45.08,46.82009069838537
0.5788567493112948,100,290.4,0.0,96.2,9.4,961.2,865.0,48.97,48.79953042937361
0.5795741609527246,3,277.1,0.0,97.4,11.8,973.9,875.6,23.14,17.79697753763608
0.5795741609527246,14,277.1,0.0,97.4,11.8,973.9,875.6,41.89,36.64688132487628
0.5795741609527246,28,277.1,0.0,97.4,11.8,973.9,875.6,48.28,42.83336137395111
0.5795741609527246,56,277.1,0.0,97.4,11.8,973.9,875.6,51.04,46.7820793864442
0.5795741609527246,100,277.1,0.0,97.4,11.8,973.9,875.6,55.64,48.75991209147497
0.579979709164694,3,295.7,0.0,95.6,8.9,955.1,859.2,22.95,17.78881628433748
0.579979709164694,14,295.7,0.0,95.6,8.9,955.1,859.2,35.23,36.630075972368324
0.579979709164694,28,295.7,0.0,95.6,8.9,955.1,859.2,39.94,42.81371905485147
0.579979709164694,56,295.7,0.0,95.6,8.9,955.1,859.2,48.72,46.76062628302253
0.579979709164694,100,295.7,0.0,95.6,8.9,955.1,859.2,52.04,48.73755200294002
0.58022239872915,3,251.8,0.0,99.9,12.4,1006.0,899.8,21.02,17.783936916461727
0.58022239872915,14,251.8,0.0,99.9,12.4,1006.0,899.8,33.36,36.62002855756966
0.58022239872915,28,251.8,0.0,99.9,12.4,1006.0,899.8,33.94,42.80197550305698
0.58022239872915,56,251.8,0.0,99.9,12.4,1006.0,899.8,44.14,46.74780011774607
0.58022239872915,100,251.8,0.0,99.9,12.4,1006.0,899.8,45.37,48.724183578544334
0.6346848655158571,3,249.1,0.0,98.8,12.8,987.8,889.0,15.36,16.767876368027302
0.6346848655158571,14,249.1,0.0,98.8,12.8,987.8,889.0,28.68,34.527794061087235
0.6346848655158571,28,249.1,0.0,98.8,12.8,987.8,889.0,30.85,40.35654404949301
0.6346848655158571,56,249.1,0.0,98.8,12.8,987.8,889.0,42.03,44.07692945233267
0.6346848655158571,100,249.1,0.0,98.8,12.8,987.8,889.0,51.06,45.94039498767223
0.5798652397938961,3,252.3,0.0,98.8,14.2,987.8,889.0,21.78,17.791118908943556
0.5798652397938961,14,252.3,0.0,98.8,14.2,987.8,889.0,42.29,36.63481745223456
0.5798652397938961,28,252.3,0.0,98.8,14.2,987.8,889.0,50.6,42.8192609594615
0.5798652397938961,56,252.3,0.0,98.8,14.2,987.8,889.0,55.83,46.7666790842294
0.5798652397938961,100,252.3,0.0,98.8,14.2,987.8,889.0,60.95,48.74386070188255
0.5806320907617504,3,246.8,0.0,125.1,12.0,1086.8,800.9,23.52,17.775707561772045
0.5806320907617504,14,246.8,0.0,125.1,12.0,1086.8,800.9,42.22,36.603082973182914
0.5806320907617504,28,246.8,0.0,125.1,12.0,1086.8,800.9,52.5,42.782169279075845
0.5806320907617504,56,246.8,0.0,125.1,12.0,1086.8,800.9,60.32,46.72616799939464
0.5806320907617504,100,246.8,0.0,125.1,12.0,1086.8,800.9,66.42,48.70163690676313
0.5797891675754271,3,275.1,0.0,121.4,9.9,1053.6,777.5,23.8,17.792649566594175
0.5797891675754271,14,275.1,0.0,121.4,9.9,1053.6,777.5,38.77,36.637969326149815
0.5797891675754271,28,275.1,0.0,121.4,9.9,1053.6,777.5,51.33,42.82294491153427
0.5797891675754271,56,275.1,0.0,121.4,9.9,1053.6,777.5,56.85,46.77070265213993
0.5797891675754271,100,275.1,0.0,121.4,9.9,1053.6,777.5,58.61,48.748054376473
0.588156123822342,3,297.2,0.0,117.5,9.5,1022.8,753.5,21.91,17.626264973917095
0.588156123822342,14,297.2,0.0,117.5,9.5,1022.8,753.5,36.99,36.29535629485109
0.588156123822342,28,297.2,0.0,117.5,9.5,1022.8,753.5,47.4,42.42249425241962
0.588156123822342,56,297.2,0.0,117.5,9.5,1022.8,753.5,51.96,46.33333528417874
0.588156123822342,100,297.2,0.0,117.5,9.5,1022.8,753.5,56.74,48.292196178351794
0.724379971923257,3,213.7,0.0,174.7,10.2,1053.5,776.4,17.57,15.37564751222428
0.724379971923257,14,213.7,0.0,174.7,10.2,1053.5,776.4,33.73,31.660967626779186
0.724379971923257,28,213.7,0.0,174.7,10.2,1053.5,776.4,40.15,37.00575925641548
0.724379971923257,56,213.7,0.0,174.7,10.2,1053.5,776.4,46.64,40.417242816299165
0.724379971923257,100,213.7,0.0,174.7,10.2,1053.5,776.4,50.08,42.125985688306045
0.7241217798594848,3,213.5,0.0,174.2,11.7,1052.3,775.5,17.37,15.379242245476448
0.7241217798594848,14,213.5,0.0,174.2,11.7,1052.3,775.5,33.7,31.668369769227713
0.7241217798594848,28,213.5,0.0,174.2,11.7,1052.3,775.5,45.94,37.014410978771565
0.7241217798594848,56,213.5,0.0,174.2,11.7,1052.3,775.5,51.43,40.42669212284688
0.7241217798594848,100,213.5,0.0,174.2,11.7,1052.3,775.5,59.3,42.13583448858673
0.5797258297258298,3,277.2,97.8,24.5,11.2,1061.7,782.5,30.45,17.79392424828951
0.5797258297258298,14,277.2,97.8,24.5,11.2,1061.7,782.5,47.71,36.64059410379631
0.5797258297258298,28,277.2,97.8,24.5,11.2,1061.7,782.5,63.14,42.82601278649099
0.5797258297258298,56,277.2,97.8,24.5,11.2,1061.7,782.5,66.82,46.77405334807341
0.5797258297258298,100,277.2,97.8,24.5,11.2,1061.7,782.5,66.95,48.751546731693296
0.6452795600366636,3,218.2,54.6,123.8,11.9,1075.7,792.7,27.42,16.586833264688245
0.6452795600366636,14,218.2,54.6,123.8,11.9,1075.7,792.7,35.96,34.15499676397748
0.6452795600366636,28,218.2,54.6,123.8,11.9,1075.7,792.7,55.51,39.92081361980717
0.6452795600366636,56,218.2,54.6,123.8,11.9,1075.7,792.7,61.99,43.60102994552794
0.6452795600366636,100,218.2,54.6,123.8,11.9,1075.7,792.7,63.53,45.444375605453416
0.7240577012563982,3,214.9,53.8,121.9,9.6,1014.3,780.6,18.02,15.380134722014864
0.7240577012563982,14,214.9,53.8,121.9,9.6,1014.3,780.6,38.6,31.670207524077906
0.7240577012563982,28,214.9,53.8,121.9,9.6,1014.3,780.6,52.2,37.01655897103637
0.7240577012563982,56,214.9,53.8,121.9,9.6,1014.3,780.6,53.96,40.429038134026726
0.7240577012563982,100,214.9,53.8,121.9,9.6,1014.3,780.6,56.63,42.138279683421906
0.7240749200548195,3,218.9,0.0,124.1,11.3,1078.7,794.9,15.34,15.379894888494697
0.7240749200548195,14,218.9,0.0,124.1,11.3,1078.7,794.9,26.05,31.669713667717595
0.7240749200548195,28,218.9,0.0,124.1,11.3,1078.7,794.9,30.22,37.01598174516657
0.7240749200548195,56,218.9,0.0,124.1,11.3,1078.7,794.9,37.27,40.42840769491108
0.7240749200548195,100,218.9,0.0,124.1,11.3,1078.7,794.9,46.23,42.137622590871494
0.5707446808510638,3,376.0,0.0,0.0,0.0,1003.5,762.4,16.28,17.97703788262527
0.5707446808510638,14,376.0,0.0,0.0,0.0,1003.5,762.4,25.62,37.01765496215152
0.5707446808510638,28,376.0,0.0,0.0,0.0,1003.5,762.4,31.97,43.2667265231586
0.5707446808510638,56,376.0,0.0,0.0,0.0,1003.5,762.4,36.3,47.25539556250954
0.5707446808510638,100,376.0,0.0,0.0,0.0,1003.5,762.4,43.06,49.25323892600441
0.28,28,500.0,0.0,0.0,4.0,966.0,853.0,67.57,69.01800489614982
0.29894736842105263,28,475.0,0.0,59.0,1.9,1098.0,641.0,57.23,66.11735142663224
0.4603174603174603,28,315.0,137.0,0.0,5.9,1130.0,745.0,81.75,49.8183696830078
0.38613861386138615,28,505.0,0.0,60.0,0.0,1030.0,630.0,64.02,55.90252741126932
0.36585365853658536,28,451.0,0.0,0.0,11.3,1030.0,745.0,78.8,57.91607837000908
0.313953488372093,28,516.0,0.0,0.0,8.2,801.0,802.0,41.37,64.02765217125284
0.3269230769230769,28,520.0,0.0,0.0,5.2,855.0,855.0,60.28,62.35044753092257
0.3503787878787879,28,528.0,0.0,0.0,6.9,920.0,720.0,56.83,59.580896807574554
0.33653846153846156,28,520.0,0.0,0.0,5.2,870.0,805.0,51.02,61.176473509410215
0.4103896103896104,28,385.0,0.0,136.0,20.0,903.0,768.0,55.55,53.713715350077045
0.3999200159968006,28,500.1,0.0,0.0,3.0,1124.4,613.2,44.13,54.631692286950646
0.44434570095534326,28,450.1,50.0,0.0,3.0,1124.4,613.2,39.38,50.985440341146166
0.42065491183879095,28,397.0,17.2,158.0,20.8,967.0,633.0,55.65,52.850537713504764
0.5015015015015015,28,333.0,17.5,163.0,17.9,996.0,652.0,47.28,47.096263916186736
0.5658682634730539,28,334.0,17.6,158.0,15.3,967.0,633.0,44.33,43.510859239063535
0.43209876543209874,28,405.0,0.0,0.0,0.0,1120.0,695.0,52.3,51.92846232348928
0.95,28,200.0,200.0,0.0,0.0,1145.0,660.0,49.25,30.977885760268943
0.313953488372093,28,516.0,0.0,0.0,8.3,801.0,802.0,41.37,64.02765217125284
1.2689655172413794,28,145.0,116.0,119.0,5.7,833.0,880.0,29.16,25.621741430039823
1.1375,28,160.0,128.0,122.0,6.4,824.0,879.0,39.4,27.526756196769092
0.8076923076923077,28,234.0,156.0,0.0,5.9,981.0,760.0,39.3,34.45612777155889
0.636,28,250.0,180.0,95.0,9.5,860.0,800.0,67.87,40.301803349853415
0.3410526315789474,28,475.0,0.0,0.0,9.5,1044.0,662.0,58.52,60.644287047878564
0.5719298245614035,28,285.0,190.0,0.0,7.6,1031.0,685.0,53.58,43.207914521265735
0.449438202247191,28,356.0,119.0,0.0,9.0,1061.0,657.0,59.0,50.60587503527783
0.5890909090909091,28,275.0,180.0,120.0,10.4,830.0,765.0,76.24,42.378339946808005
0.302,28,500.0,0.0,0.0,9.0,1033.0,655.0,69.84,65.67834594389387
0.9927272727272728,3,165.0,0.0,143.6,0.0,1005.6,900.9,14.4,12.505099747710972
1.0612121212121213,3,165.0,128.5,132.1,8.1,1005.8,746.6,19.42,11.96985890798613
1.0106741573033708,3,178.0,129.8,118.6,3.6,1007.3,746.8,20.73,12.35904025679848
1.0483870967741935,3,167.4,129.9,128.6,7.8,1006.3,746.6,14.94,12.065676161370918
0.9095127610208817,3,172.4,13.6,172.4,4.1,1006.3,856.4,21.29,13.24399409065693
0.94985590778098,3,173.5,50.1,173.5,6.5,1006.2,793.5,23.08,12.87238636981619
0.9820359281437125,3,167.0,75.4,167.0,7.9,1007.3,770.1,15.52,12.594206386829695
0.9913693901035673,3,173.8,93.4,159.9,9.7,1007.2,746.6,15.82,12.516328724144975
0.8754598003152916,3,190.3,0.0,125.2,9.9,1079.0,798.9,12.55,13.57957602802637
0.7672,3,250.0,0.0,95.7,5.3,948.9,857.2,8.49,14.807370973691421
0.7456674473067915,3,213.5,0.0,174.2,11.7,1043.6,771.9,15.61,15.08638139052707
0.8741653826399589,3,194.7,0.0,100.5,7.5,998.0,901.8,12.18,13.592758141122138
0.7673031026252983,3,251.4,0.0,118.3,5.8,1043.6,754.3,11.98,14.806066247442704
0.9927272727272728,14,165.0,0.0,143.6,0.0,1005.6,900.9,16.88,25.75004128880725
1.0612121212121213,14,165.0,128.5,132.1,8.1,1005.8,746.6,33.09,24.647893045256183
1.0106741573033708,14,178.0,129.8,118.6,3.6,1007.3,746.8,34.24,25.44928095922193
1.0483870967741935,14,167.4,129.9,128.6,7.8,1006.3,746.6,31.81,24.84519640793348
0.9095127610208817,14,172.4,13.6,172.4,4.1,1006.3,856.4,29.75,27.27154533297989
0.94985590778098,14,173.5,50.1,173.5,6.5,1006.2,793.5,33.01,26.506344387130564
0.9820359281437125,14,167.0,75.4,167.0,7.9,1007.3,770.1,32.9,25.933526401497694
0.9913693901035673,14,173.8,93.4,159.9,9.7,1007.2,746.6,29.55,25.773163583922052
0.8754598003152916,14,190.3,0.0,125.2,9.9,1079.0,798.9,19.42,27.962563311035026
0.7672,14,250.0,0.0,95.7,5.3,948.9,857.2,24.66,30.490793487755617
0.7456674473067915,14,213.5,0.0,174.2,11.7,1043.6,771.9,29.59,31.065321472215746
0.8741653826399589,14,194.7,0.0,100.5,7.5,998.0,901.8,24.28,27.989707433300175
0.7673031026252983,14,251.4,0.0,118.3,5.8,1043.6,754.3,20.73,30.488106843470256
0.9927272727272728,28,165.0,0.0,143.6,0.0,1005.6,900.9,26.2,30.09699008600062
1.0612121212121213,28,165.0,128.5,132.1,8.1,1005.8,746.6,46.39,28.808784588098057
1.0106741573033708,28,178.0,129.8,118.6,3.6,1007.3,746.8,39.16,29.745457420236455
1.0483870967741935,28,167.4,129.9,128.6,7.8,1006.3,746.6,41.2,29.03939537756558
0.9095127610208817,28,172.4,13.6,172.4,4.1,1006.3,856.4,33.69,31.875344210550253
0.94985590778098,28,173.5,50.1,173.5,6.5,1006.2,793.5,38.2,30.98096718712249
0.9820359281437125,28,167.0,75.4,167.0,7.9,1007.3,770.1,41.41,30.311449921448467
0.9913693901035673,28,173.8,93.4,159.9,9.7,1007.2,746.6,37.81,30.124015731475538
0.8754598003152916,28,190.3,0.0,125.2,9.9,1079.0,798.9,24.85,32.68301519645324
0.7672,28,250.0,0.0,95.7,5.3,948.9,857.2,27.22,35.63804418885187
0.7456674473067915,28,213.5,0.0,174.2,11.7,1043.6,771.9,44.64,36.30956012385516
0.8741653826399589,28,194.7,0.0,100.5,7.5,998.0,901.8,37.27,32.71474160689059
0.7673031026252983,28,251.4,0.0,118.3,5.8,1043.6,754.3,33.27,35.63490400334637
0.9927272727272728,56,165.0,0.0,143.6,0.0,1005.6,900.9,36.56,32.87156866359251
1.0612121212121213,56,165.0,128.5,132.1,8.1,1005.8,746.6,53.72,31.46460619471699
1.0106741573033708,56,178.0,129.8,118.6,3.6,1007.3,746.8,48.59,32.487628936492115
1.0483870967741935,56,167.4,129.9,128.6,7.8,1006.3,746.6,51.72,31.716476510615227
0.9095127610208817,56,172.4,13.6,172.4,4.1,1006.3,856.4,35.85,34.813865536013225
0.94985590778098,56,173.5,50.1,173.5,6.5,1006.2,793.5,53.77,33.83703776510532
0.9820359281437125,56,167.0,75.4,167.0,7.9,1007.3,770.1,53.46,33.10579910279466
0.9913693901035673,56,173.8,93.4,159.9,9.7,1007.2,746.6,48.99,32.90108574680808
0.8754598003152916,56,190.3,0.0,125.2,9.9,1079.0,798.9,31.72,35.69599402111549
0.7672,56,250.0,0.0,95.7,5.3,948.9,857.2,39.64,38.92344095680493
0.7456674473067915,56,213.5,0.0,174.2,11.7,1043.6,771.9,51.26,39.65686254159072
0.8741653826399589,56,194.7,0.0,100.5,7.5,998.0,901.8,43.39,35.730645222985196
0.7673031026252983,56,251.4,0.0,118.3,5.8,1043.6,754.3,39.27,38.920011284164396
0.9927272727272728,100,165.0,0.0,143.6,0.0,1005.6,900.9,37.96,34.26129875727785
1.0612121212121213,100,165.0,128.5,132.1,8.1,1005.8,746.6,55.02,32.79485333206116
1.0106741573033708,100,178.0,129.8,118.6,3.6,1007.3,746.8,49.99,33.8611269909227
1.0483870967741935,100,167.4,129.9,128.6,7.8,1006.3,746.6,53.66,33.05737211324233
0.9095127610208817,100,172.4,13.6,172.4,4.1,1006.3,856.4,37.68,36.28571122454888
0.94985590778098,100,173.5,50.1,173.5,6.5,1006.2,793.5,56.06,35.26758554773721
0.9820359281437125,100,167.0,75.4,167.0,7.9,1007.3,770.1,56.81,34.5054318906151
0.9913693901035673,100,173.8,93.4,159.9,9.7,1007.2,746.6,50.94,34.29206375108881
0.8754598003152916,100,190.3,0.0,125.2,9.9,1079.0,798.9,33.56,37.20513395973059
0.7672,100,250.0,0.0,95.7,5.3,948.9,857.2,41.16,40.56902951392688
0.7456674473067915,100,213.5,0.0,174.2,11.7,1043.6,771.9,52.96,41.33345838218509
0.8741653826399589,100,194.7,0.0,100.5,7.5,998.0,901.8,44.28,37.241250130264056
0.7673031026252983,100,251.4,0.0,118.3,5.8,1043.6,754.3,40.15,40.565454843056145
0.3632286995515695,28,446.0,24.0,79.0,11.6,967.0,712.0,57.03,58.19019242604028
0.3632286995515695,28,446.0,24.0,79.0,11.6,967.0,712.0,44.42,58.19019242604028
0.3632286995515695,28,446.0,24.0,79.0,11.6,967.0,712.0,51.02,58.19019242604028
0.3632286995515695,28,446.0,24.0,79.0,10.3,967.0,712.0,53.39,58.19019242604028
0.3632286995515695,3,446.0,24.0,79.0,11.6,967.0,712.0,35.36,24.17763897807845
0.3632286995515695,3,446.0,24.0,79.0,11.6,967.0,712.0,25.02,24.17763897807845
0.3632286995515695,3,446.0,24.0,79.0,11.6,967.0,712.0,23.35,24.17763897807845
0.3632286995515695,7,446.0,24.0,79.0,11.6,967.0,712.0,52.01,38.62762486695466
0.3632286995515695,7,446.0,24.0,79.0,11.6,967.0,712.0,38.02,38.62762486695466
0.3632286995515695,7,446.0,24.0,79.0,11.6,967.0,712.0,39.3,38.62762486695466
0.3632286995515695,56,446.0,24.0,79.0,11.6,967.0,712.0,61.07,63.55462457921894
0.3632286995515695,56,446.0,24.0,79.0,11.6,967.0,712.0,56.14,63.55462457921894
0.3632286995515695,56,446.0,24.0,79.0,11.6,967.0,712.0,55.25,63.55462457921894
0.3632286995515695,56,446.0,24.0,79.0,10.3,967.0,712.0,54.77,63.55462457921894
0.40568475452196384,28,387.0,20.0,94.0,14.3,938.0,845.0,50.24,54.12138474038706
0.40568475452196384,28,387.0,20.0,94.0,13.9,938.0,845.0,46.68,54.12138474038706
0.40568475452196384,28,387.0,20.0,94.0,11.6,938.0,845.0,46.68,54.12138474038706
0.40568475452196384,3,387.0,20.0,94.0,14.3,938.0,845.0,22.75,22.487076373048605
0.40568475452196384,3,387.0,20.0,94.0,13.9,938.0,845.0,25.51,22.487076373048605
0.40568475452196384,3,387.0,20.0,94.0,11.6,938.0,845.0,34.77,22.487076373048605
0.40568475452196384,7,387.0,20.0,94.0,14.3,938.0,845.0,36.84,35.92668214130625
0.40568475452196384,7,387.0,20.0,94.0,13.9,938.0,845.0,45.9,35.92668214130625
0.40568475452196384,7,387.0,20.0,94.0,11.6,938.0,845.0,41.67,35.92668214130625
0.40568475452196384,56,387.0,20.0,94.0,14.3,938.0,845.0,56.34,59.11072202166338
0.40568475452196384,56,387.0,20.0,94.0,13.9,938.0,845.0,47.97,59.11072202166338
0.40568475452196384,56,387.0,20.0,94.0,11.6,938.0,845.0,61.46,59.11072202166338
0.4084507042253521,28,355.0,19.0,97.0,13.1,967.0,871.0,44.03,53.88077697678579
0.4084507042253521,28,355.0,19.0,97.0,12.3,967.0,871.0,55.45,53.88077697678579
0.42769857433808556,28,491.0,26.0,123.0,3.9,882.0,699.0,55.55,52.27816711133828
0.4093686354378819,28,491.0,26.0,123.0,3.9,822.0,699.0,57.92,53.80152213339652
0.42769857433808556,3,491.0,26.0,123.0,3.9,882.0,699.0,25.61,21.721231674222203
0.42769857433808556,7,491.0,26.0,123.0,3.9,882.0,699.0,33.49,34.70312339103149
0.42769857433808556,56,491.0,26.0,123.0,3.9,882.0,699.0,59.59,57.09758201390546
0.4093686354378819,3,491.0,26.0,123.0,3.9,822.0,699.0,29.55,22.354175581489383
0.4093686354378819,7,491.0,26.0,123.0,3.9,822.0,699.0,37.92,35.71435198262014
0.4093686354378819,56,491.0,26.0,123.0,3.9,822.0,699.0,61.86,58.76137194982693
0.419811320754717,28,424.0,22.0,132.0,8.5,822.0,750.0,62.05,52.92015318413267
0.419811320754717,3,424.0,22.0,132.0,8.5,882.0,750.0,32.01,21.987972629181332
0.39622641509433965,28,424.0,22.0,132.0,8.9,822.0,750.0,72.1,54.965107407452365
0.419811320754717,7,424.0,22.0,132.0,8.5,822.0,750.0,39.0,35.12928450437082
0.419811320754717,56,424.0,22.0,132.0,8.5,822.0,750.0,65.7,57.7987514402378
0.39622641509433965,3,424.0,22.0,132.0,8.9,822.0,750.0,32.11,22.837637544810566
0.39622641509433965,7,424.0,22.0,132.0,8.9,822.0,750.0,40.29,36.48675938656658
0.39622641509433965,56,424.0,22.0,132.0,8.9,822.0,750.0,74.36,60.0322257170235
1.0198019801980198,28,202.0,11.0,141.0,1.7,942.0,801.0,21.97,29.57060488931579
1.0198019801980198,3,202.0,11.0,141.0,1.7,942.0,801.0,9.85,12.286390189995963
1.0198019801980198,7,202.0,11.0,141.0,1.7,942.0,801.0,15.07,19.62946306124035
1.0198019801980198,56,202.0,11.0,141.0,1.7,942.0,801.0,23.25,32.296657116395224
0.6302816901408451,28,284.0,15.0,141.0,5.5,842.0,801.0,43.73,40.54119559827268
0.6302816901408451,3,284.0,15.0,141.0,5.5,842.0,801.0,13.4,16.84459786175345
0.6302816901408451,7,284.0,15.0,141.0,5.5,842.0,801.0,24.13,26.911925015857424
0.6302816901408451,56,284.0,15.0,141.0,5.5,842.0,801.0,44.52,44.27860364125341
0.42896935933147634,28,359.0,19.0,141.0,10.9,942.0,801.0,62.94,52.176561783347275
0.42896935933147634,28,359.0,19.0,141.0,10.9,942.0,801.0,59.49,52.176561783347275
0.42896935933147634,3,359.0,19.0,141.0,10.9,942.0,801.0,25.12,21.679015334389028
0.42896935933147634,3,359.0,19.0,141.0,10.9,942.0,801.0,23.64,21.679015334389028
0.42896935933147634,7,359.0,19.0,141.0,10.9,942.0,801.0,35.75,34.63567607163813
0.42896935933147634,7,359.0,19.0,141.0,10.9,942.0,801.0,38.61,34.63567607163813
0.42896935933147634,56,359.0,19.0,141.0,10.9,942.0,801.0,68.75,56.98660990320272
0.42896935933147634,56,359.0,19.0,141.0,10.9,942.0,801.0,66.78,56.98660990320272
0.5,28,436.0,0.0,0.0,0.0,838.4,719.7,23.85,47.188956844294516
0.6643598615916955,90,289.0,0.0,0.0,0.0,913.2,895.3,32.07,44.31928384324009
0.6643598615916955,3,289.0,0.0,0.0,0.0,913.2,895.3,11.65,16.272895463124286
0.48854961832061067,3,393.0,0.0,0.0,0.0,940.6,785.6,19.2,19.906826879605173
0.48854961832061067,90,393.0,0.0,0.0,0.0,940.6,785.6,48.85,54.2163079025935
0.48854961832061067,28,393.0,0.0,0.0,0.0,940.6,785.6,39.6,47.911298856202876
0.4,28,480.0,0.0,0.0,0.0,936.2,712.2,43.94,54.62452868615639
0.4,7,480.0,0.0,0.0,0.0,936.2,712.2,34.57,36.26067752404982
0.4,90,480.0,0.0,0.0,0.0,936.2,712.2,54.32,61.81298226064033
0.4,3,480.0,0.0,0.0,0.0,936.2,712.2,24.4,22.6961293451672
0.5765765765765766,3,333.0,0.0,0.0,0.0,931.2,842.6,15.62,17.857595506244763
0.7529411764705882,90,255.0,0.0,0.0,0.0,889.8,945.0,21.86,40.827096069597566
0.7529411764705882,7,255.0,0.0,0.0,0.0,889.8,945.0,10.22,23.94995534402069
0.6643598615916955,7,289.0,0.0,0.0,0.0,913.2,895.3,14.6,25.998539477682733
0.7529411764705882,28,255.0,0.0,0.0,0.0,889.8,945.0,18.75,36.0791665256096
0.5765765765765766,28,333.0,0.0,0.0,0.0,931.2,842.6,31.97,42.97925532418392
0.5765765765765766,7,333.0,0.0,0.0,0.0,931.2,842.6,23.4,28.530349918222683
0.6643598615916955,28,289.0,0.0,0.0,0.0,913.2,895.3,25.57,39.16523524842946
0.5765765765765766,90,333.0,0.0,0.0,0.0,931.2,842.6,41.68,48.635219576779605
0.48854961832061067,7,393.0,0.0,0.0,0.0,940.6,785.6,27.74,31.804323064547305
0.7529411764705882,3,255.0,0.0,0.0,0.0,889.8,945.0,8.2,14.990654378654384
1.1693954659949621,7,158.8,238.2,0.0,0.0,1040.6,734.3,9.62,17.94435554987694
0.7750417362270451,7,239.6,359.4,0.0,0.0,941.6,664.3,25.42,23.499900372070016
0.7795969773299748,7,238.2,158.8,0.0,0.0,1040.6,734.3,15.69,23.40976949382943
1.0208905992303463,28,181.9,272.8,0.0,0.0,1012.4,714.3,27.94,29.549924186175563
0.9596899224806201,28,193.5,290.2,0.0,0.0,998.2,704.3,32.63,30.77242572836556
0.7268101761252446,7,255.5,170.3,0.0,0.0,1026.6,724.3,17.24,24.511151884800135
0.6807184750733137,7,272.8,181.9,0.0,0.0,1012.4,714.3,19.77,25.587135145286197
0.7750417362270451,28,239.6,359.4,0.0,0.0,941.6,664.3,39.44,35.40118579264173
0.8410326086956521,28,220.8,147.2,0.0,0.0,1055.0,744.3,25.75,33.554227056095144
0.46775818639798483,28,397.0,0.0,0.0,0.0,1040.6,734.3,33.08,49.29728521664671
0.48549019607843136,7,382.5,0.0,0.0,0.0,1047.8,739.3,24.07,31.935604621477808
0.8813478879924063,7,210.7,316.1,0.0,0.0,977.0,689.3,21.82,21.600379301161645
1.1693954659949621,28,158.8,238.2,0.0,0.0,1040.6,734.3,21.07,27.032091825607107
0.627789046653144,7,295.8,0.0,0.0,0.0,1091.4,769.3,14.84,26.98194522941361
0.7268101761252446,28,255.5,170.3,0.0,0.0,1026.6,724.3,32.05,36.924575344020305
0.9125307125307125,7,203.5,135.7,0.0,0.0,1076.2,759.3,11.96,21.113473761917554
0.46775818639798483,7,397.0,0.0,0.0,0.0,1040.6,734.3,25.45,32.72436403657169
0.4868904037755637,28,381.4,0.0,0.0,0.0,1104.6,784.3,22.49,48.01829877911646
0.627789046653144,28,295.8,0.0,0.0,0.0,1091.4,769.3,25.22,40.64667683649483
0.8144736842105262,28,228.0,342.1,0.0,0.0,955.8,674.3,39.7,34.267736746801354
0.8410326086956521,7,220.8,147.2,0.0,0.0,1055.0,744.3,13.09,22.2738582119458
0.5874723188864283,28,316.1,210.7,0.0,0.0,977.0,689.3,38.7,42.4548672319556
1.3684598378776713,7,135.7,203.5,0.0,0.0,1076.2,759.3,7.51,16.186777004134868
0.7799244015119697,28,238.1,0.0,0.0,0.0,1118.8,789.3,17.58,35.25570021180498
0.5474646226415094,7,339.2,0.0,0.0,0.0,1069.2,754.3,21.18,29.516289259617174
1.3684598378776713,28,135.7,203.5,0.0,0.0,1076.2,759.3,18.2,24.38440550958655
0.9596899224806201,7,193.5,290.2,0.0,0.0,998.2,704.3,17.2,20.42725187397039
0.9125307125307125,28,203.5,135.7,0.0,0.0,1076.2,759.3,22.63,31.80617770882364
0.6399035148173673,7,290.2,193.5,0.0,0.0,998.2,704.3,21.86,26.64588524536357
1.0208905992303463,7,181.9,272.8,0.0,0.0,1012.4,714.3,12.37,19.61573486393458
1.0904286553141513,28,170.3,155.5,0.0,0.0,1026.6,724.3,25.73,28.300264978602367
0.8813478879924063,28,210.7,316.1,0.0,0.0,977.0,689.3,37.81,32.539671603918315
0.8144736842105262,7,228.0,342.1,0.0,0.0,955.8,674.3,21.92,22.747497901427266
0.6399035148173673,28,290.2,193.5,0.0,0.0,998.2,704.3,33.04,40.14042269309567
0.4868904037755637,7,381.4,0.0,0.0,0.0,1104.6,784.3,14.54,31.87535140645135
0.7795969773299748,28,238.2,158.8,0.0,0.0,1040.6,734.3,26.91,35.26540904824152
0.9973147153598282,7,186.2,124.1,0.0,0.0,1083.4,764.3,8.0,19.918577287884034
0.5474646226415094,28,339.2,0.0,0.0,0.0,1069.2,754.3,31.9,44.46451361261754
0.7799244015119697,7,238.1,0.0,0.0,0.0,1118.8,789.3,10.34,23.40332460550496
0.7354455445544554,28,252.5,0.0,0.0,0.0,1111.6,784.3,19.77,36.63969925086216
0.48549019607843136,28,382.5,0.0,0.0,0.0,1047.8,739.3,37.44,48.109066621787434
0.7354455445544554,7,252.5,0.0,0.0,0.0,1111.6,784.3,11.48,24.322046360289924
0.5874723188864283,7,316.1,210.7,0.0,0.0,977.0,689.3,24.44,28.182252315056328
0.9973147153598282,28,186.2,124.1,0.0,0.0,1083.4,764.3,17.6,30.006138074165943
1.0904286553141513,7,170.3,155.5,0.0,0.0,1026.6,724.3,10.73,18.786190140517036
0.6807184750733137,28,272.8,181.9,0.0,0.0,1012.4,714.3,31.38,38.545479378128945
0.5811209439528023,3,339.0,0.0,0.0,0.0,968.0,781.0,13.22,17.76590069316212
0.5811209439528023,7,339.0,0.0,0.0,0.0,968.0,781.0,20.97,28.383852865916904
0.5811209439528023,14,339.0,0.0,0.0,0.0,968.0,781.0,27.04,36.58288903017453
0.5811209439528023,28,339.0,0.0,0.0,0.0,968.0,781.0,32.04,42.75856633041631
0.5811209439528023,90,339.0,0.0,0.0,0.0,968.0,781.0,35.17,48.38548845442517
0.5811209439528023,180,339.0,0.0,0.0,0.0,968.0,781.0,36.45,49.86732460127175
0.5811209439528023,365,339.0,0.0,0.0,0.0,968.0,781.0,38.89,50.65359916832029
0.8220338983050848,3,236.0,0.0,0.0,0.0,968.0,885.0,6.47,14.15201457013474
0.8220338983050848,14,236.0,0.0,0.0,0.0,968.0,885.0,12.84,29.14130769468485
0.8220338983050848,28,236.0,0.0,0.0,0.0,968.0,885.0,18.42,34.060747279704636
0.8220338983050848,90,236.0,0.0,0.0,0.0,968.0,885.0,21.95,38.54305781713978
0.8177966101694916,180,236.0,0.0,0.0,0.0,968.0,885.0,24.1,39.858307365990555
0.8177966101694916,365,236.0,0.0,0.0,0.0,968.0,885.0,25.08,40.48676645454336
0.6895306859205776,14,277.0,0.0,0.0,0.0,968.0,856.0,21.26,32.701324122223824
0.6895306859205776,28,277.0,0.0,0.0,0.0,968.0,856.0,25.97,38.22174173885576
0.6895306859205776,3,277.0,0.0,0.0,0.0,968.0,856.0,11.36,15.880880168079052
0.6895306859205776,90,277.0,0.0,0.0,0.0,968.0,856.0,31.25,43.25162890921979
0.6895306859205776,180,277.0,0.0,0.0,0.0,968.0,856.0,32.33,44.57623736466702
0.6895306859205776,360,277.0,0.0,0.0,0.0,968.0,856.0,33.7,45.269439961407365
0.7795275590551181,3,254.0,0.0,0.0,0.0,968.0,863.0,9.31,14.653399157373686
0.7795275590551181,90,254.0,0.0,0.0,0.0,968.0,863.0,26.94,39.908580374992084
0.7795275590551181,180,254.0,0.0,0.0,0.0,968.0,863.0,27.63,41.13080585742568
0.7795275590551181,365,254.0,0.0,0.0,0.0,968.0,863.0,29.79,41.77932884971552
0.6286644951140065,180,307.0,0.0,0.0,0.0,968.0,812.0,34.49,47.361028778292315
0.6286644951140065,365,307.0,0.0,0.0,0.0,968.0,812.0,36.15,48.10778575182916
0.6286644951140065,3,307.0,0.0,0.0,0.0,968.0,812.0,12.54,16.872999318268548
0.6286644951140065,28,307.0,0.0,0.0,0.0,968.0,812.0,27.53,40.609551578825275
0.6286644951140065,90,307.0,0.0,0.0,0.0,968.0,812.0,32.92,45.95366864905601
0.8177966101694916,7,236.0,0.0,0.0,0.0,968.0,885.0,9.99,22.686846362957198
0.9,7,200.0,0.0,0.0,0.0,1125.0,845.0,7.84,21.305776715560434
0.9,28,200.0,0.0,0.0,0.0,1125.0,845.0,12.25,32.095870536563304
0.8044444444444444,7,225.0,0.0,0.0,0.0,1113.0,833.0,11.17,22.93306731319504
0.8044444444444444,28,225.0,0.0,0.0,0.0,1113.0,833.0,17.34,34.54728589890031
0.5661538461538461,7,325.0,0.0,0.0,0.0,1063.0,783.0,17.54,28.873682968994913
0.5661538461538461,28,325.0,0.0,0.0,0.0,1063.0,783.0,30.57,43.49646590493974
0.6654545454545454,7,275.0,0.0,0.0,0.0,1088.0,808.0,14.2,25.970487017968594
0.6654545454545454,28,275.0,0.0,0.0,0.0,1088.0,808.0,24.5,39.12297590594045
0.6133333333333333,7,300.0,0.0,0.0,0.0,1075.0,795.0,15.58,27.397279486893325
0.6133333333333333,28,300.0,0.0,0.0,0.0,1075.0,795.0,26.85,41.272352902448
0.496,7,375.0,0.0,0.0,0.0,1038.0,758.0,26.06,31.49024276819806
0.496,28,375.0,0.0,0.0,0.0,1038.0,758.0,38.21,47.43815578968662
0.4675,28,400.0,0.0,0.0,0.0,1025.0,745.0,43.7,49.31513619803565
0.4675,7,400.0,0.0,0.0,0.0,1025.0,745.0,30.14,32.736213817159296
0.728,7,250.0,0.0,0.0,0.0,1100.0,820.0,12.73,24.484875482629114
0.728,28,250.0,0.0,0.0,0.0,1100.0,820.0,20.87,36.88499152534488
0.5314285714285715,7,350.0,0.0,0.0,0.0,1050.0,770.0,20.28,30.097336410692048
0.5314285714285715,28,350.0,0.0,0.0,0.0,1050.0,770.0,34.29,45.33982618091822
1.0,7,203.5,305.3,0.0,0.0,963.4,630.0,19.54,19.88348770487361
0.8133493205435652,90,250.2,166.8,0.0,0.0,977.6,694.1,47.71,38.812429072257615
1.2229299363057324,90,157.0,236.0,0.0,0.0,935.4,781.2,43.38,29.70462270375045
1.4401981599433828,28,141.3,212.0,0.0,0.0,971.8,748.5,29.89,23.580948795533196
1.2200239808153477,3,166.8,250.2,0.0,0.0,975.6,692.6,6.9,10.923797801644069
1.6598694942903753,90,122.6,183.9,0.0,0.0,958.2,800.1,33.19,24.312301522243466
1.10657966286025,3,183.9,122.6,0.0,0.0,959.2,800.0,4.9,11.645749532515726
1.8823529411764706,3,102.0,153.0,0.0,0.0,887.0,942.0,4.57,8.220102667091432
1.8823529411764706,90,102.0,153.0,0.0,0.0,887.0,942.0,25.46,22.38747641124803
1.6598694942903753,28,122.6,183.9,0.0,0.0,958.2,800.1,24.29,21.484936713268915
1.2200239808153477,28,166.8,250.2,0.0,0.0,975.6,692.6,33.95,26.291148473065004
0.96,3,200.0,133.0,0.0,0.0,965.4,806.2,11.41,12.783030596175456
1.8790397045244691,28,108.3,162.4,0.0,0.0,938.2,849.0,20.59,19.806824336939975
0.6665574844415328,7,305.3,203.5,0.0,0.0,965.4,631.0,25.89,25.942300179128104
1.8790397045244691,90,108.3,162.4,0.0,0.0,938.2,849.0,29.23,22.41335368609179
1.6551724137931034,90,116.0,173.0,0.0,0.0,909.8,891.9,31.02,24.357521207763796
1.4401981599433828,7,141.3,212.0,0.0,0.0,971.8,748.5,10.39,15.65342897324916
1.2229299363057324,28,157.0,236.0,0.0,0.0,935.4,781.2,33.66,26.250165509740604
1.443609022556391,28,133.0,200.0,0.0,0.0,927.4,839.2,27.87,23.54439930549142
0.8133493205435652,7,250.2,166.8,0.0,0.0,977.6,694.1,19.35,22.768113154286926
1.1098265895953756,7,173.0,116.0,0.0,0.0,946.8,856.8,11.39,18.570225495871806
1.0,3,192.0,288.0,0.0,0.0,929.8,716.1,12.79,12.445388216575486
1.0,28,192.0,288.0,0.0,0.0,929.8,716.1,39.32,29.953277728893383
1.2549019607843137,3,153.0,102.0,0.0,0.0,888.0,943.1,4.78,10.723745866345284
0.6666666666666666,3,288.0,192.0,0.0,0.0,932.0,717.8,16.11,16.23595055288854
0.6665574844415328,28,305.3,203.5,0.0,0.0,965.4,631.0,43.38,39.08051412938392
0.8135593220338984,7,236.0,157.0,0.0,0.0,972.6,749.1,20.42,22.764259186163788
1.1098265895953756,3,173.0,116.0,0.0,0.0,946.8,856.8,6.94,11.623396709664005
0.9599056603773585,7,212.0,141.3,0.0,0.0,973.4,750.0,15.03,20.424241272551072
0.8135593220338984,3,236.0,157.0,0.0,0.0,972.6,749.1,13.57,14.248508472943174
1.10657966286025,90,183.9,122.6,0.0,0.0,959.2,800.0,32.53,31.717236816793964
1.2200239808153477,7,166.8,250.2,0.0,0.0,975.6,692.6,15.75,17.452504935943377
1.8823529411764706,7,102.0,153.0,0.0,0.0,887.0,942.0,7.68,13.132921807632059
0.6666666666666666,28,288.0,192.0,0.0,0.0,932.0,717.8,38.8,39.07631707748108
0.9599056603773585,28,212.0,141.3,0.0,0.0,973.4,750.0,33.0,30.76789043849175
1.8823529411764706,28,102.0,153.0,0.0,0.0,887.0,942.0,17.28,19.783956423269963
1.1098265895953756,28,173.0,116.0,0.0,0.0,946.8,856.8,24.28,27.974927237221372
1.10657966286025,28,183.9,122.6,0.0,0.0,959.2,800.0,24.05,28.02872550363548
1.443609022556391,90,133.0,200.0,0.0,0.0,927.4,839.2,36.59,26.64278432440931
1.0,90,192.0,288.0,0.0,0.0,929.8,716.1,50.73,33.89505537964211
1.443609022556391,7,133.0,200.0,0.0,0.0,927.4,839.2,13.66,15.629166809273563
0.6665574844415328,3,305.3,203.5,0.0,0.0,965.4,631.0,14.14,16.237694400115167
0.8135593220338984,90,236.0,157.0,0.0,0.0,972.6,749.1,47.78,38.805859276007375
1.8790397045244691,3,108.3,162.4,0.0,0.0,938.2,849.0,2.33,8.22960413353869
1.2229299363057324,7,157.0,236.0,0.0,0.0,935.4,781.2,16.89,17.425299758107897
0.6666666666666666,7,288.0,192.0,0.0,0.0,932.0,717.8,23.52,25.939514105742006
0.9599056603773585,3,212.0,141.3,0.0,0.0,973.4,750.0,6.81,12.783854394095975
0.9599056603773585,90,212.0,141.3,0.0,0.0,973.4,750.0,39.7,34.81686911751437
1.2549019607843137,28,153.0,102.0,0.0,0.0,888.0,943.1,17.96,25.809668018302947
0.8135593220338984,28,236.0,157.0,0.0,0.0,972.6,749.1,32.88,34.2929866136385
1.6551724137931034,28,116.0,173.0,0.0,0.0,909.8,891.9,22.35,21.524897639251567
1.10657966286025,7,183.9,122.6,0.0,0.0,959.2,800.0,10.79,18.605937686653405
1.8790397045244691,7,108.3,162.4,0.0,0.0,938.2,849.0,7.72,13.148101911940149
1.0,28,203.5,305.3,0.0,0.0,963.4,630.0,41.68,29.953277728893383
1.0,3,203.5,305.3,0.0,0.0,963.4,630.0,9.56,12.445388216575486
1.443609022556391,3,133.0,200.0,0.0,0.0,927.4,839.2,6.88,9.782541741675914
0.6666666666666666,90,288.0,192.0,0.0,0.0,932.0,717.8,50.53,44.21866425977312
0.96,7,200.0,133.0,0.0,0.0,965.4,806.2,17.17,20.422925124308932
0.96,28,200.0,133.0,0.0,0.0,965.4,806.2,30.44,30.76590774036483
0.8133493205435652,3,250.2,166.8,0.0,0.0,977.6,694.1,9.73,14.250920732310277
1.6598694942903753,3,122.6,183.9,0.0,0.0,958.2,800.1,3.32,8.926848695001421
1.2549019607843137,90,153.0,102.0,0.0,0.0,888.0,943.1,26.32,29.20615682625917
0.96,90,200.0,133.0,0.0,0.0,965.4,806.2,43.25,34.81462550119226
1.6551724137931034,3,116.0,173.0,0.0,0.0,909.8,891.9,6.28,8.943452194686806
1.1098265895953756,90,173.0,116.0,0.0,0.0,946.8,856.8,32.1,31.656358830887402
0.8133493205435652,28,250.2,166.8,0.0,0.0,977.6,694.1,36.96,34.298792384701606
0.6665574844415328,90,305.3,203.5,0.0,0.0,965.4,631.0,54.6,44.223413633379764
1.0,7,192.0,288.0,0.0,0.0,929.8,716.1,21.48,19.88348770487361
1.2229299363057324,3,157.0,236.0,0.0,0.0,935.4,781.2,9.69,10.90676965222235
1.2549019607843137,7,153.0,102.0,0.0,0.0,888.0,943.1,8.37,17.132890141561006
1.4401981599433828,90,141.3,212.0,0.0,0.0,971.8,748.5,39.66,26.68414363741259
1.6551724137931034,7,116.0,173.0,0.0,0.0,909.8,891.9,10.09,14.288587760994044
1.4401981599433828,3,141.3,212.0,0.0,0.0,971.8,748.5,4.83,9.797727812355882
1.6598694942903753,7,122.6,183.9,0.0,0.0,958.2,800.1,10.35,14.26206102867303
1.2200239808153477,90,166.8,250.2,0.0,0.0,975.6,692.6,43.57,29.750998924212038
1.0,90,203.5,305.3,0.0,0.0,963.4,630.0,51.86,33.89505537964211
0.6193548387096774,3,310.0,0.0,0.0,0.0,1012.0,830.0,11.85,17.038880616102606
0.6193548387096774,7,310.0,0.0,0.0,0.0,1012.0,830.0,17.24,27.222322625811078
0.6193548387096774,28,310.0,0.0,0.0,0.0,1012.0,830.0,27.83,41.00879091934141
0.6193548387096774,90,310.0,0.0,0.0,0.0,1012.0,830.0,35.76,46.40544690447788
0.6193548387096774,120,310.0,0.0,0.0,0.0,1012.0,830.0,38.7,47.10532781877438
0.5800604229607251,3,331.0,0.0,0.0,0.0,1025.0,821.0,14.31,17.787193127004095
0.5800604229607251,7,331.0,0.0,0.0,0.0,1025.0,821.0,17.44,28.4178709165503
0.5800604229607251,28,331.0,0.0,0.0,0.0,1025.0,821.0,31.74,42.809812476642854
0.5800604229607251,90,331.0,0.0,0.0,0.0,1025.0,821.0,37.91,48.44347846740684
0.5800604229607251,120,331.0,0.0,0.0,0.0,1025.0,821.0,39.38,49.1740967086504
0.5501432664756447,3,349.0,0.0,0.0,0.0,1056.0,809.0,15.87,18.415675405267113
0.5501432664756447,7,349.0,0.0,0.0,0.0,1056.0,809.0,9.01,29.421971345971233
0.5501432664756447,28,349.0,0.0,0.0,0.0,1056.0,809.0,33.61,44.32242935133604
0.5501432664756447,90,349.0,0.0,0.0,0.0,1056.0,809.0,40.66,50.15515200109997
0.5501432664756447,120,349.0,0.0,0.0,0.0,1056.0,809.0,40.86,50.91158547994278
0.7815126050420168,7,238.0,0.0,0.0,0.0,1119.0,789.0,12.05,23.372126488224556
0.7815126050420168,28,238.0,0.0,0.0,0.0,1119.0,789.0,17.54,35.20870212548386
0.6283783783783784,7,296.0,0.0,0.0,0.0,1090.0,769.0,18.91,26.96534895502698
0.6283783783783784,28,296.0,0.0,0.0,0.0,1090.0,769.0,25.18,40.62167554782021
0.6262626262626263,7,297.0,0.0,0.0,0.0,1040.0,734.0,30.96,27.025051207304266
0.4,28,480.0,0.0,0.0,0.0,936.0,721.0,43.89,54.62452868615639
0.4,90,480.0,0.0,0.0,0.0,936.0,721.0,54.28,61.81298226064033
0.46851385390428213,28,397.0,0.0,0.0,0.0,1040.0,734.0,36.94,49.24513206161158
0.6619217081850534,7,281.0,0.0,0.0,0.0,1104.0,774.0,14.5,26.061295728267865
0.6583629893238434,28,281.0,0.0,0.0,0.0,1104.0,774.0,22.44,39.3988014811968
0.4,1,500.0,0.0,0.0,0.0,1125.0,613.0,12.64,9.828164327979625
0.4,3,500.0,0.0,0.0,0.0,1125.0,613.0,26.06,22.6961293451672
0.4,7,500.0,0.0,0.0,0.0,1125.0,613.0,33.21,36.26067752404982
0.4,14,500.0,0.0,0.0,0.0,1125.0,613.0,36.94,46.735034467929225
0.4,28,500.0,0.0,0.0,0.0,1125.0,613.0,44.09,54.62452868615639
0.32037037037037036,7,540.0,0.0,0.0,0.0,1125.0,613.0,52.61,41.942452549300754
0.32037037037037036,14,540.0,0.0,0.0,0.0,1125.0,613.0,59.76,54.05806232553073
0.32037037037037036,28,540.0,0.0,0.0,0.0,1125.0,613.0,67.31,63.183780858134085
0.32037037037037036,90,540.0,0.0,0.0,0.0,1125.0,613.0,69.66,71.49861095888646
0.32037037037037036,180,540.0,0.0,0.0,0.0,1125.0,613.0,71.62,73.68830108194874
0.32037037037037036,270,540.0,0.0,0.0,0.0,1125.0,613.0,74.17,74.44830992093767
0.58,7,350.0,0.0,0.0,0.0,974.0,775.0,18.13,28.419812188528038
0.58,14,350.0,0.0,0.0,0.0,974.0,775.0,22.53,36.629235659537976
0.58,28,350.0,0.0,0.0,0.0,974.0,775.0,27.34,42.812736886060335
0.58,56,350.0,0.0,0.0,0.0,974.0,775.0,29.98,46.75955357014444
0.58,90,350.0,0.0,0.0,0.0,974.0,775.0,31.35,48.446787721908315
0.58,180,350.0,0.0,0.0,0.0,974.0,775.0,32.72,49.93050119754154
0.4831168831168831,1,385.0,0.0,0.0,0.0,966.0,763.0,6.27,8.683747886680068
0.4831168831168831,3,385.0,0.0,0.0,0.0,966.0,763.0,14.7,20.053334341981685
0.4831168831168831,7,385.0,0.0,0.0,0.0,966.0,763.0,23.22,32.038392044649974
0.4831168831168831,14,385.0,0.0,0.0,0.0,966.0,763.0,27.92,41.29308823616587
0.4831168831168831,28,385.0,0.0,0.0,0.0,966.0,763.0,31.35,48.26390968951335
0.5800604229607251,180,331.0,0.0,0.0,0.0,978.0,825.0,39.0,49.92709059503065
0.5800604229607251,360,331.0,0.0,0.0,0.0,978.0,825.0,41.24,50.70350401379979
0.5501432664756447,3,349.0,0.0,0.0,0.0,1047.0,806.0,14.99,18.415675405267113
0.5800604229607251,3,331.0,0.0,0.0,0.0,978.0,825.0,13.52,17.787193127004095
0.4869109947643979,7,382.0,0.0,0.0,0.0,1047.0,739.0,24.0,31.8744674835377
0.4869109947643979,28,382.0,0.0,0.0,0.0,1047.0,739.0,37.42,48.016967202437534
0.4869109947643979,7,382.0,0.0,0.0,0.0,1111.0,784.0,11.47,31.8744674835377
0.6619217081850534,28,281.0,0.0,0.0,0.0,1104.0,774.0,22.44,39.259773763548196
0.5457227138643068,7,339.0,0.0,0.0,0.0,1069.0,754.0,21.16,29.578034775241708
0.5457227138643068,28,339.0,0.0,0.0,0.0,1069.0,754.0,31.84,44.557529516339606
0.6271186440677966,7,295.0,0.0,0.0,0.0,1069.0,769.0,14.8,27.00085594518081
0.6271186440677966,28,295.0,0.0,0.0,0.0,1069.0,769.0,25.18,40.675164691836635
0.7773109243697479,28,238.0,0.0,0.0,0.0,1118.0,789.0,17.54,35.333384084360056
0.6486486486486487,7,296.0,0.0,0.0,0.0,1085.0,765.0,14.2,26.409767544071197
0.6486486486486487,28,296.0,0.0,0.0,0.0,1085.0,765.0,21.65,39.7847255845957
0.6486486486486487,90,296.0,0.0,0.0,0.0,1085.0,765.0,29.39,45.020297583424295
0.5800604229607251,3,331.0,0.0,0.0,0.0,879.0,825.0,13.52,17.787193127004095
0.5800604229607251,7,331.0,0.0,0.0,0.0,978.0,825.0,16.26,28.4178709165503
0.5800604229607251,28,331.0,0.0,0.0,0.0,978.0,825.0,31.45,42.809812476642854
0.5800604229607251,90,331.0,0.0,0.0,0.0,978.0,825.0,37.23,48.44347846740684
0.5501432664756447,7,349.0,0.0,0.0,0.0,1047.0,806.0,18.13,29.421971345971233
0.5501432664756447,28,349.0,0.0,0.0,0.0,1047.0,806.0,32.72,44.32242935133604
0.5501432664756447,90,349.0,0.0,0.0,0.0,1047.0,806.0,39.49,50.15515200109997
0.5501432664756447,180,349.0,0.0,0.0,0.0,1047.0,806.0,41.05,51.69118521188007
0.5501432664756447,360,349.0,0.0,0.0,0.0,1047.0,806.0,42.13,52.49503196826565
0.6721854304635762,14,302.0,0.0,0.0,0.0,974.0,817.0,18.13,33.25222608273448
0.6721854304635762,180,302.0,0.0,0.0,0.0,974.0,817.0,26.74,45.327189725635634
0.36,180,525.0,0.0,0.0,0.0,1125.0,613.0,61.92,68.26301133035676
0.4,90,500.0,0.0,0.0,0.0,1125.0,613.0,47.22,61.81298226064033
0.4,180,500.0,0.0,0.0,0.0,1125.0,613.0,51.04,63.706043886844206
0.4,270,500.0,0.0,0.0,0.0,1125.0,613.0,55.16,64.36309739113351
0.32037037037037036,3,540.0,0.0,0.0,0.0,1125.0,613.0,41.64,26.252441849193282
0.7341269841269841,7,252.0,0.0,0.0,0.0,1111.0,784.0,13.71,24.35068308917011
0.7341269841269841,28,252.0,0.0,0.0,0.0,1111.0,784.0,19.69,36.68283875969114
0.5457227138643068,28,339.0,0.0,0.0,0.0,1060.0,754.0,31.65,44.557529516339606
0.48854961832061067,3,393.0,0.0,0.0,0.0,940.0,758.0,19.11,19.906826879605173
0.48854961832061067,28,393.0,0.0,0.0,0.0,940.0,758.0,39.58,47.911298856202876
0.48854961832061067,90,393.0,0.0,0.0,0.0,940.0,758.0,48.79,54.2163079025935
0.48429319371727747,7,382.0,0.0,0.0,0.0,1047.0,739.0,24.0,31.987342165195066
0.48429319371727747,28,382.0,0.0,0.0,0.0,1047.0,739.0,37.42,48.187006118065746
0.7380952380952381,7,252.0,0.0,0.0,0.0,1111.0,784.0,11.47,24.264756112566843
0.7341269841269841,28,252.0,0.0,0.0,0.0,1111.0,784.0,19.69,36.68283875969114
0.6193548387096774,7,310.0,0.0,0.0,0.0,970.0,850.0,14.99,27.222322625811078
0.6193548387096774,28,310.0,0.0,0.0,0.0,970.0,850.0,27.92,41.00879091934141
0.6193548387096774,90,310.0,0.0,0.0,0.0,970.0,850.0,34.68,46.40544690447788
0.6193548387096774,180,310.0,0.0,0.0,0.0,970.0,850.0,37.33,47.826643028154415
0.6193548387096774,360,310.0,0.0,0.0,0.0,970.0,850.0,38.11,48.57039250322269
0.36,3,525.0,0.0,0.0,0.0,1125.0,613.0,33.8,24.319609884994524
0.36,7,525.0,0.0,0.0,0.0,1125.0,613.0,42.42,38.85444597795511
0.36,14,525.0,0.0,0.0,0.0,1125.0,613.0,48.4,50.07804586132341
0.36,28,525.0,0.0,0.0,0.0,1125.0,613.0,55.94,58.53188478069228
0.36,90,525.0,0.0,0.0,0.0,1125.0,613.0,58.78,66.23453680338484
0.36,270,525.0,0.0,0.0,0.0,1125.0,613.0,67.11,68.9670646363134
0.6304347826086957,14,322.0,0.0,0.0,0.0,974.0,800.0,20.77,34.68025266989286
0.6304347826086957,28,322.0,0.0,0.0,0.0,974.0,800.0,25.18,40.534739695328454
0.6304347826086957,180,322.0,0.0,0.0,0.0,974.0,800.0,29.59,47.27377916263542
0.6721854304635762,28,302.0,0.0,0.0,0.0,974.0,817.0,21.75,38.865643263435246
0.4659949622166247,28,397.0,0.0,0.0,0.0,1040.0,734.0,39.09,49.41952018613476
0.4,3,480.0,0.0,0.0,0.0,936.0,721.0,24.39,22.6961293451672
0.2796934865900383,7,522.0,0.0,0.0,0.0,896.0,896.0,50.51,45.848225554427046
0.2796934865900383,28,522.0,0.0,0.0,0.0,896.0,896.0,74.99,69.0675928585754
0.7692307692307693,28,273.0,105.0,82.0,9.0,904.0,680.0,37.17,35.57632162445021
1.1049382716049383,28,162.0,190.0,148.0,19.0,838.0,741.0,33.76,28.056021257039998
1.4285714285714286,28,154.0,144.0,112.0,10.0,923.0,658.0,16.5,23.706620917371957
1.3741496598639455,28,147.0,115.0,89.0,9.0,860.0,829.0,19.99,24.31815099977454
1.105263157894737,28,152.0,178.0,139.0,18.0,944.0,695.0,36.35,28.05061318613775
0.5419354838709678,28,310.0,143.0,111.0,22.0,914.0,651.0,33.69,44.76146965900043
1.0972222222222223,28,144.0,0.0,175.0,18.0,943.0,844.0,15.42,28.185241554206545
0.7039473684210527,28,304.0,140.0,0.0,6.0,895.0,722.0,33.42,37.7066237555317
0.5080213903743316,28,374.0,0.0,0.0,7.0,1013.0,730.0,39.05,46.699038362558134
1.10062893081761,28,159.0,149.0,116.0,15.0,953.0,720.0,27.68,28.12800465494259
1.3071895424836601,28,153.0,239.0,0.0,6.0,1002.0,684.0,26.86,25.127948792113163
0.5419354838709678,28,310.0,143.0,0.0,10.0,914.0,804.0,45.3,44.76146965900043
0.6426229508196721,28,305.0,0.0,100.0,10.0,959.0,705.0,30.12,40.028954742431274
1.1059602649006623,28,151.0,0.0,184.0,12.0,991.0,772.0,15.57,28.039017991544924
1.2253521126760563,28,142.0,167.0,130.0,11.0,883.0,785.0,44.61,26.216128342353528
0.674496644295302,28,298.0,137.0,107.0,6.0,878.0,655.0,53.52,38.77826341277845
0.5919003115264797,28,321.0,164.0,0.0,5.0,870.0,774.0,57.21,42.24633403276865
0.5218579234972678,28,366.0,187.0,0.0,7.0,824.0,757.0,65.91,45.883371244502335
0.6142857142857143,28,280.0,129.0,100.0,9.0,825.0,805.0,52.82,41.23038240589483
0.7698412698412699,28,252.0,97.0,76.0,8.0,835.0,821.0,33.4,35.55781897657077
1.103030303030303,28,165.0,0.0,150.0,12.0,1023.0,729.0,18.03,28.087834596127976
1.1538461538461537,28,156.0,243.0,0.0,11.0,1022.0,698.0,37.36,27.27041650513407
1.26875,28,160.0,188.0,146.0,11.0,829.0,710.0,32.84,25.624595276067684
0.6241610738255033,28,298.0,0.0,107.0,6.0,879.0,815.0,42.64,40.80144705830737
0.660377358490566,28,318.0,0.0,126.0,6.0,861.0,737.0,40.06,39.319954183801386
0.6550522648083623,28,287.0,121.0,94.0,9.0,904.0,696.0,41.94,39.52926274829526
0.5337423312883436,28,326.0,166.0,0.0,9.0,882.0,790.0,61.23,45.21084697810367
0.5421348314606742,28,356.0,0.0,142.0,11.0,801.0,778.0,40.87,44.75067611329104
1.356060606060606,28,132.0,207.0,161.0,5.0,867.0,736.0,33.3,24.53037940361512
0.577639751552795,28,322.0,149.0,0.0,8.0,951.0,709.0,52.42,42.927366614428045
1.103658536585366,28,164.0,0.0,200.0,13.0,849.0,846.0,15.09,28.077349417081134
0.5414012738853503,28,314.0,0.0,113.0,10.0,925.0,783.0,38.46,44.79042655168182
0.5669781931464174,28,321.0,0.0,128.0,11.0,870.0,780.0,37.26,43.4549862581842
1.6928571428571428,28,140.0,164.0,128.0,6.0,869.0,656.0,35.23,21.209475239542684
0.6145833333333334,28,288.0,121.0,0.0,7.0,908.0,829.0,42.13,41.217288713248905
0.7046979865771812,28,298.0,0.0,107.0,11.0,880.0,744.0,31.87,37.68028216663291
0.7358490566037735,28,265.0,111.0,86.0,6.0,833.0,790.0,41.54,36.6265230775174
1.05,28,160.0,250.0,0.0,12.0,1049.0,688.0,39.45,29.01013700906155
1.1024096385542168,28,166.0,260.0,0.0,13.0,859.0,827.0,37.91,28.098203162078374
0.6521739130434783,28,276.0,116.0,90.0,9.0,870.0,768.0,44.28,39.643576473908716
0.6086956521739131,28,322.0,0.0,116.0,10.0,818.0,813.0,31.18,41.4782833380406
1.2953020134228188,28,149.0,139.0,109.0,6.0,892.0,780.0,23.69,25.278929833676653
1.1069182389937107,28,159.0,187.0,0.0,11.0,990.0,789.0,32.76,28.02310344146417
0.7701149425287356,28,261.0,100.0,78.0,9.0,864.0,761.0,32.4,35.54953257037595
1.0421940928270041,28,237.0,92.0,71.0,6.0,853.0,695.0,28.63,29.15243369336511
0.5686900958466453,28,313.0,0.0,113.0,8.0,1002.0,689.0,36.8,43.36916459288925
1.2451612903225806,28,155.0,183.0,0.0,9.0,1047.0,697.0,18.28,25.94188618524124
1.3835616438356164,28,146.0,230.0,0.0,3.0,827.0,872.0,33.06,24.20954554320692
0.7466216216216216,28,296.0,0.0,107.0,11.0,819.0,778.0,31.42,36.279125190431344
1.4736842105263157,28,133.0,210.0,0.0,3.0,949.0,795.0,31.03,23.228202706324897
0.5686900958466453,28,313.0,145.0,0.0,8.0,867.0,824.0,44.39,43.36916459288925
1.2105263157894737,28,152.0,0.0,112.0,8.0,992.0,816.0,12.18,26.42622998994804
1.1633986928104576,28,153.0,145.0,113.0,8.0,1002.0,689.0,25.56,27.123379620690287
1.4285714285714286,28,140.0,133.0,103.0,7.0,916.0,753.0,36.44,23.706620917371957
1.1812080536912752,28,149.0,236.0,0.0,13.0,847.0,893.0,32.96,26.854518698653965
0.7066666666666667,28,300.0,0.0,120.0,10.0,878.0,728.0,23.84,37.6114150678109
1.1633986928104576,28,153.0,145.0,113.0,8.0,867.0,824.0,26.23,27.123379620690287
1.0675675675675675,28,148.0,0.0,137.0,16.0,1002.0,830.0,17.95,28.69620743803051
0.6104294478527608,28,326.0,0.0,138.0,11.0,801.0,792.0,40.68,41.40099314553194
1.1633986928104576,28,153.0,145.0,0.0,8.0,1000.0,822.0,19.01,27.123379620690287
0.7442748091603053,28,262.0,111.0,86.0,5.0,895.0,733.0,33.72,36.3540964919873
1.3924050632911393,28,158.0,0.0,195.0,11.0,898.0,713.0,8.54,24.108609615122475
1.1059602649006623,28,151.0,0.0,185.0,16.0,1074.0,678.0,13.46,28.039017991544924
0.7289377289377289,28,273.0,0.0,90.0,11.0,931.0,762.0,32.24,36.85386996106722
1.2281879194630871,28,149.0,118.0,92.0,7.0,953.0,780.0,23.52,26.176420000704518
1.3356643356643356,28,143.0,169.0,143.0,8.0,967.0,643.0,29.72,24.77537090532281
0.6576923076923077,28,260.0,101.0,78.0,10.0,936.0,763.0,49.77,39.42514228864554
0.5686900958466453,28,313.0,161.0,0.0,10.0,917.0,759.0,52.44,43.36916459288925
0.5915492957746479,28,284.0,120.0,0.0,7.0,970.0,794.0,40.93,42.26277051864388
0.5416666666666666,28,336.0,0.0,0.0,3.0,986.0,817.0,44.86,44.776035005522836
1.2482758620689656,28,145.0,0.0,134.0,11.0,979.0,812.0,13.2,25.89942377549268
1.16,28,150.0,237.0,0.0,12.0,1069.0,675.0,37.43,27.175464007682386
1.3333333333333333,28,144.0,170.0,133.0,8.0,814.0,805.0,29.87,24.80376461607686
0.5891238670694864,28,331.0,170.0,0.0,8.0,811.0,802.0,56.61,42.37678530372174
1.2451612903225806,28,155.0,0.0,143.0,9.0,1047.0,697.0,12.46,25.94188618524124
1.2451612903225806,28,155.0,183.0,0.0,9.0,877.0,868.0,23.79,25.94188618524124
1.3333333333333333,28,135.0,0.0,166.0,10.0,961.0,805.0,13.29,24.80376461607686
0.6691729323308271,28,266.0,112.0,87.0,10.0,910.0,745.0,39.42,38.980286098333586
0.5700636942675159,28,314.0,145.0,113.0,8.0,869.0,690.0,46.23,43.30061160785276
0.4057507987220447,28,313.0,145.0,0.0,8.0,1000.0,822.0,44.52,54.11560797144224
1.2465753424657535,28,146.0,173.0,0.0,3.0,986.0,817.0,23.74,25.922585981047845
1.2361111111111112,28,144.0,136.0,106.0,7.0,941.0,774.0,26.14,26.06627575476787
1.222972972972973,28,148.0,0.0,182.0,15.0,839.0,884.0,15.52,26.24955977138105
0.6895306859205776,28,277.0,117.0,91.0,7.0,946.0,666.0,43.57,38.22174173885576
0.5503355704697986,28,298.0,0.0,107.0,13.0,953.0,784.0,35.86,44.31227296926683
0.5686900958466453,28,313.0,145.0,0.0,8.0,1002.0,689.0,41.05,43.36916459288925
1.2516129032258065,28,155.0,184.0,143.0,9.0,880.0,699.0,28.99,25.854122569118193
0.6747404844290658,28,289.0,134.0,0.0,6.0,924.0,760.0,46.24,38.76907347814207
1.1554054054054055,28,148.0,175.0,0.0,2.0,1000.0,828.0,26.92,27.24627840272913
1.393103448275862,28,145.0,0.0,179.0,8.0,824.0,869.0,10.54,24.10068369298332
0.5686900958466453,28,313.0,0.0,0.0,8.0,1000.0,822.0,25.1,43.36916459288925
1.2647058823529411,28,136.0,162.0,126.0,10.0,923.0,764.0,29.07,25.67829612056789
1.2451612903225806,28,155.0,0.0,143.0,9.0,877.0,868.0,9.74,25.94188618524124
0.7411764705882353,28,255.0,99.0,77.0,6.0,919.0,749.0,33.8,36.453677656860364
1.3333333333333333,28,162.0,207.0,172.0,10.0,822.0,638.0,39.84,24.80376461607686
1.463235294117647,28,136.0,196.0,98.0,6.0,847.0,783.0,26.97,23.33683748040909
1.201219512195122,28,164.0,163.0,128.0,8.0,961.0,641.0,27.23,26.560310122773053
1.2469135802469136,28,162.0,214.0,164.0,10.0,820.0,680.0,30.65,25.917974791302232
1.2738853503184713,28,157.0,214.0,152.0,9.0,819.0,704.0,33.05,25.55681127883908
1.2885906040268456,28,149.0,153.0,194.0,8.0,935.0,623.0,24.58,25.365187451626653
1.451851851851852,28,135.0,105.0,193.0,6.0,965.0,643.0,21.91,23.45665972671268
1.2641509433962264,28,159.0,209.0,161.0,7.0,848.0,669.0,30.88,25.685687207312316
1.2222222222222223,28,144.0,15.0,195.0,6.0,1021.0,709.0,15.34,26.260131605561288
1.4805194805194806,28,154.0,174.0,185.0,7.0,845.0,612.0,24.34,23.15782558553623
1.1077844311377245,28,167.0,187.0,195.0,7.0,898.0,636.0,23.89,28.008733258085584
1.1576086956521738,28,184.0,86.0,190.0,6.0,923.0,623.0,22.93,27.21226201983041
1.4166666666666667,28,156.0,178.0,187.0,7.0,854.0,614.0,29.41,23.83706519175131
1.0422119037568593,28,236.9,91.7,71.5,6.0,852.9,695.4,28.63,29.15210700378293
0.5697414618576444,28,313.3,0.0,113.0,8.0,1001.9,688.7,36.8,43.31666888045291
1.2487080103359174,28,154.8,183.4,0.0,9.1,1047.4,696.7,18.29,25.89354595279033
1.3879369431117203,28,145.9,230.5,0.0,3.4,827.0,871.8,32.72,24.15947420224159
0.7479729729729729,28,296.0,0.0,106.7,10.5,819.2,778.4,31.42,36.23613167495476
1.4703230653643877,28,133.1,210.2,0.0,3.1,949.4,795.3,28.94,23.263008214861603
0.5697414618576444,28,313.3,145.0,0.0,8.0,867.2,824.0,40.93,43.31666888045291
1.216358839050132,28,151.6,0.0,111.9,7.9,992.0,815.9,12.18,26.343069376073835
1.1659046374918354,28,153.1,145.0,113.0,8.0,1001.9,688.7,25.56,27.08513752510063
1.4317369549678343,28,139.9,132.6,103.3,7.4,916.0,753.4,36.44,23.672237708684197
1.1759197324414716,28,149.5,236.0,0.0,12.6,846.8,892.7,32.96,26.93365040058944
0.7054703135423616,28,299.8,0.0,119.8,9.9,878.2,727.6,23.84,37.65322719381036
1.1659046374918354,28,153.1,145.0,113.0,8.0,867.2,824.0,26.23,27.08513752510063
1.0675219446320054,28,148.1,0.0,136.6,16.1,1001.8,830.1,17.96,28.697011623738533
0.6094946401225115,28,326.5,0.0,137.9,10.8,801.1,792.5,38.63,41.442620345395156
1.16633922724296,28,152.7,144.7,0.0,8.0,999.7,822.2,19.01,27.07851929093728
0.7460862924780451,28,261.9,110.5,86.1,5.0,895.2,732.6,33.72,36.29619244378232
1.3869949494949494,28,158.4,0.0,194.9,11.0,897.7,712.9,8.54,24.170232372845565
1.106171201061712,28,150.7,0.0,185.3,15.6,1074.5,678.0,13.46,28.0355118102103
0.7289068231841525,28,272.6,0.0,89.6,10.6,931.3,762.2,32.25,36.8548946118566
1.22751677852349,28,149.0,117.6,91.7,7.1,953.4,780.3,23.52,26.185803920946462
1.3335664335664335,28,143.0,169.4,142.7,8.4,967.4,643.5,29.73,24.800921547410717
0.6564063101192766,28,259.9,100.6,78.4,10.4,935.7,762.9,49.77,39.475774039323106
0.5675934803451582,28,312.9,160.5,0.0,9.6,916.6,759.5,52.45,43.42409114466402
0.592605633802817,28,284.0,119.7,0.0,7.2,970.4,794.2,40.93,42.2133557153187
0.5405646359583952,28,336.5,0.0,0.0,3.4,985.8,816.8,44.87,44.83587176096583
1.2486187845303867,28,144.8,0.0,133.6,11.1,979.5,811.5,13.2,25.89475927298804
1.1586666666666667,28,150.0,236.8,0.0,11.9,1069.3,674.8,37.43,27.195966177656246
1.3333333333333335,28,143.7,170.2,132.6,8.5,814.1,805.3,29.87,24.803764616076858
0.5897125567322239,28,330.5,169.6,0.0,8.1,811.0,802.3,56.62,42.34904077682162
1.2487080103359174,28,154.8,0.0,142.8,9.1,1047.4,696.7,12.46,25.89354595279033
1.2487080103359174,28,154.8,183.4,0.0,9.1,877.2,867.7,23.79,25.89354595279033
1.3377876763177432,28,134.7,0.0,165.7,10.0,961.0,804.9,13.29,24.74957801581003
0.6682945154019535,28,266.2,112.3,87.5,10.4,909.7,744.5,39.42,39.0138759616042
0.5697452229299363,28,314.0,145.3,113.2,8.0,869.1,690.2,46.23,43.31648137445646
0.4070994563479373,28,312.7,144.7,0.0,8.0,999.7,822.2,44.52,53.997982788312406
1.2484557309540152,28,145.7,172.6,0.0,3.4,985.8,816.8,23.74,25.896976897045306
1.2385257301808066,28,143.8,136.3,106.2,7.5,941.5,774.3,26.15,26.032941016268165
1.224848075624578,28,148.1,0.0,182.1,15.0,838.9,884.3,15.53,26.22320204275746
0.688086642599278,28,277.0,116.8,91.0,7.0,946.5,665.6,43.58,38.274321599353684
0.5488091244548808,28,298.1,0.0,107.5,12.8,953.2,784.0,35.87,44.393053195513566
0.5697414618576444,28,313.3,145.0,0.0,8.0,1001.9,688.7,41.05,43.31666888045291
1.2487113402061858,28,155.2,183.9,143.2,9.2,879.6,698.5,28.99,25.893500674959423
0.6743944636678201,28,289.0,133.7,0.0,5.5,924.1,760.1,46.25,38.78211606872467
1.1583220568335586,28,147.8,175.1,0.0,2.2,1000.0,828.5,26.92,27.201271468787237
1.3872077028885832,28,145.4,0.0,178.9,7.8,824.0,868.7,10.54,24.16780153536648
0.5695554844899264,28,312.7,0.0,0.0,8.0,999.7,822.2,25.1,43.3259432272166
1.2580645161290323,28,136.4,161.6,125.8,10.4,922.6,764.4,29.07,25.767104809429345
1.2487080103359174,28,154.8,0.0,142.8,9.1,877.2,867.7,9.74,25.89354595279033
0.7387387387387386,28,255.3,98.8,77.0,6.5,919.0,749.3,33.8,36.532512579223784
0.7686950146627565,28,272.8,105.1,81.8,9.0,904.0,679.7,37.17,35.59257896110372
1.1037037037037039,28,162.0,190.1,148.1,18.8,838.1,741.4,33.76,28.07659596146011
1.4329427083333333,28,153.6,144.2,112.3,10.1,923.2,657.9,16.5,23.659174179505
1.3781569965870308,28,146.5,114.6,89.3,8.8,860.0,829.5,19.99,24.271759979743486
1.103425559947299,28,151.8,178.1,138.7,18.3,944.0,694.6,36.35,28.081236629609215
0.5414649887060343,28,309.9,142.8,111.2,22.1,913.9,651.2,38.22,44.78697040068745
1.1030640668523677,28,143.6,0.0,174.9,17.9,942.7,844.5,15.42,28.087270828622426
0.703227931488801,28,303.6,139.9,0.0,6.2,895.5,722.5,33.42,37.73191478109927
0.5081485439487042,28,374.3,0.0,0.0,6.7,1013.2,730.4,39.06,46.691375462515026
1.1040353089533417,28,158.6,148.9,116.0,15.0,953.3,719.7,27.68,28.071065848912664
1.3106159895150722,28,152.6,238.7,0.0,6.3,1001.8,683.9,26.86,25.084851512992554
0.5416129032258065,28,310.0,142.8,0.0,10.0,914.3,804.0,45.3,44.77894951112264
0.6430446194225722,28,304.8,0.0,99.6,9.8,959.4,705.2,30.12,40.01174073184559
1.1040424121935055,28,150.9,0.0,183.9,11.6,991.2,772.2,15.57,28.070947419724313
1.222692036645525,28,141.9,166.6,129.7,10.9,882.6,785.3,44.61,26.253514569271733
0.6759570181329752,28,297.8,137.2,106.9,6.0,878.4,655.3,53.52,38.72330634156226
0.5929038281979458,28,321.3,164.2,0.0,4.6,870.0,774.0,57.22,42.19943276314394
0.5226775956284153,28,366.0,187.0,0.0,6.6,824.3,756.9,65.91,45.836174990191346
0.6161543959971408,28,279.8,128.9,100.4,9.5,825.1,804.9,52.83,41.14834371057604
0.7687425624752083,28,252.1,97.1,75.6,8.3,835.5,821.4,33.4,35.59113537623039
1.103280680437424,28,164.6,0.0,150.4,11.7,1023.3,728.9,18.03,28.08365462793199
1.1587403598971724,28,155.6,243.5,0.0,10.7,1022.0,697.7,37.36,27.194832004574614
1.268414481897628,28,160.2,188.0,146.4,11.3,828.7,709.7,35.31,25.629039752779136
0.6252935256625293,28,298.1,0.0,107.0,6.1,879.0,815.2,42.64,40.75297678374529
0.6596413966656182,28,317.9,0.0,126.5,5.7,860.5,736.6,40.06,39.34871529386847
0.6529759832927253,28,287.3,120.5,93.9,9.2,904.4,695.9,43.8,39.61163841475068
0.5343980343980343,28,325.6,166.4,0.0,8.9,881.6,790.0,61.24,45.17446339823641
0.543130092722675,28,355.9,0.0,141.6,11.0,801.4,778.4,40.87,44.69688648519616
1.3553030303030305,28,132.0,206.5,160.9,5.5,866.9,735.6,33.31,24.539369840040383
0.576124031007752,28,322.5,148.6,0.0,8.5,951.0,709.5,52.43,43.00139010041689
1.1035322777101095,28,164.2,0.0,200.1,12.6,849.3,846.0,15.09,28.07945587630814
0.541427660930529,28,313.8,0.0,112.6,10.1,925.3,782.9,38.46,44.78899512934347
0.5678282514001245,28,321.4,0.0,127.9,11.5,870.1,779.7,37.27,43.412317312703074
1.6943450250536864,28,139.7,163.9,127.7,5.8,868.6,655.6,35.23,21.19726031146749
0.615117891816921,28,288.4,121.0,0.0,7.0,907.9,829.5,42.14,41.19379725910346
0.7032193158953722,28,298.2,0.0,107.0,11.1,879.6,744.2,31.88,37.732217912524646
0.7391304347826086,28,264.5,111.0,86.5,5.9,832.6,790.4,41.54,36.51981631669754
1.053817271589487,28,159.8,250.0,0.0,12.2,1049.3,688.2,39.46,28.941186527725094
1.1036144578313252,28,166.0,259.7,0.0,12.7,858.8,826.8,37.92,28.078084766370882
0.6497829232995659,28,276.4,116.0,90.3,8.9,870.1,768.3,44.28,39.73917169072363
0.6083178150217257,28,322.2,0.0,115.6,10.4,817.9,813.4,31.18,41.495175183659946
1.2976430976430975,28,148.5,139.4,108.6,6.1,892.4,780.0,23.7,25.24901517549494
1.103708359522313,28,159.1,186.7,0.0,11.3,989.6,788.9,32.77,28.076518298289777
0.7688769643541588,28,260.9,100.5,78.3,8.6,864.5,761.5,32.4,35.58705564052767
